"Year","UNITID","Institution","State","Control","InstitutionLevel","CarnegieClassification","TotalFTE","UndergraduateFTE","GraduateFTE","TwelveMonthHeadcount","TotalDegreesAwarded","TotalCompleters","BachelorsDegrees","MastersDegrees","DoctoralDegrees","InstructionExpenses","TotalCoreExpenses","TotalCoreRevenue","TuitionAndFeeRevenue","StudentServicesExpenses","AcademicSupportExpenses","InstitutionalSupportExpenses","ResearchExpenses","FullTimeInstructionalStaff","PartTimeInstructionalStaff","InstructionalStaffFTE","FullTimeStaff","PartTimeStaff","TotalStaffHeadcount","TotalStaffFTE","FinanceReportingStandard","FinanceParentChildStatus","DegreesPer100FTE","DegreesPerFullTimeInstructionalStaff","DegreesPerInstructionalStaffFTE","InstructionExpensesPerDegree","CoreExpensesPerDegree","InstructionExpensesPerFTE","StudentServicesExpensesPerFTE","AcademicSupportExpensesPerFTE","InstitutionalSupportExpensesPerFTE","CoreRevenuePerFTE","TuitionRevenuePerFTE","TuitionDependency","StaffHeadcountPer100FTE","StaffFTEPer100StudentFTE","InstructionShareOfCoreExpenses","StudentServicesShareOfCoreExpenses","AcademicSupportShareOfCoreExpenses","InstitutionalSupportShareOfCoreExpenses","OtherCoreExpenses","OtherCoreExpensesShare"
2015,183910,"Caldwell University","NJ","Private not-for-profit","Four or more years","Master's Colleges & Universities: Medium Programs",1890,1554,336,2527,427,427,285,138,4,12342461,35615527,34609577,30120193,6981748,4533871,11757447,0,79,187,141,217,230,447,294,"FASB/private nonprofit (DRVF F2)","Campus/institution-level finance reporting",22.5925925925926,5.40506329113924,3.02836879432624,28905.0608899297,83408.7283372365,6530.40264550265,3694.04656084656,2398.87354497354,6220.87142857143,18311.9455026455,15936.6100529101,87.0284921425073,23.6507936507936,15.5555555555556,34.654719555322,19.6031017595219,12.730040468024,33.0121382171321,0,0
2016,183910,"Caldwell University","NJ","Private not-for-profit","Four or more years","Master's Colleges & Universities: Medium Programs",1749,1419,330,2412,437,437,314,120,3,12774846,36322411,35664666,30586822,7307742,4260904,11978919,0,81,196,146,217,239,456,296,"FASB/private nonprofit (DRVF F2)","Campus/institution-level finance reporting",24.9857061177816,5.39506172839506,2.99315068493151,29233.057208238,83117.6453089245,7304.08576329331,4178.24013722127,2436.19439679817,6849.0102915952,20391.461406518,17488.1772441395,85.7622555612886,26.0720411663808,16.9239565465981,35.1706994340216,20.1190994727745,11.730785161811,32.9794159313929,0,0
2017,183910,"Caldwell University","NJ","Private not-for-profit","Four or more years","Master's Colleges & Universities: Medium Programs",1904,1553,351,2516,463,462,337,121,5,11804000,35318000,35136000,32145000,8744000,3996000,10774000,0,79,209,149,215,255,470,301,"FASB/private nonprofit (DRVF F2)","Campus/institution-level finance reporting",24.3172268907563,5.86075949367089,3.10738255033557,25494.6004319654,76280.777537797,6199.57983193277,4592.43697478992,2098.73949579832,5658.61344537815,18453.781512605,16882.8781512605,91.4873633879781,24.6848739495798,15.8088235294118,33.42205107877,24.7579138116541,11.3143439605867,30.5056911489892,0,0
2018,183910,"Caldwell University","NJ","Private not-for-profit","Four or more years","Master's Colleges & Universities: Medium Programs",1853,1516,337,2397,462,462,353,95,14,11916000,39649000,37497000,33014000,9208000,4105000,10620000,0,79,210,149,222,254,476,307,"FASB/private nonprofit (DRVF F2)","Campus/institution-level finance reporting",24.9325418240691,5.84810126582278,3.1006711409396,25792.2077922078,85820.3463203463,6430.65299514301,4969.2390717755,2215.32649757151,5731.2466270912,20235.8337830545,17816.5137614679,88.044376883484,25.6880733944954,16.5677280086346,30.0537214053318,23.2237887462483,10.353350651971,26.7850387147217,3800000,9.58410048172716
2019,183910,"Caldwell University","NJ","Private not-for-profit","Four or more years","Master's Colleges & Universities: Medium Programs",1923,1604,319,2466,444,444,311,124,9,14941000,39468000,37238000,31758000,11212000,4957000,7275000,0,81,222,155,221,270,491,311,"FASB/private nonprofit (DRVF F2)","Campus/institution-level finance reporting",23.0889235569423,5.48148148148148,2.86451612903226,33650.9009009009,88891.8918918919,7769.63078523141,5830.47321892876,2577.74310972439,3783.15132605304,19364.5345813833,16514.8205928237,85.283849830818,25.5330213208528,16.1726469058762,37.855984595115,28.407824059998,12.559541907368,18.4326543022195,1083000,2.74399513529948
2020,183910,"Caldwell University","NJ","Private not-for-profit","Four or more years","Master's Colleges & Universities: Medium Programs",1977,1679,298,2435,459,459,335,119,5,16187000,38849000,37548000,33005000,7236000,6086000,9340000,0,80,197,146,211,243,454,292,"FASB/private nonprofit (DRVF F2)","Campus/institution-level finance reporting",23.216995447648,5.7375,3.14383561643836,35265.7952069717,84638.3442265795,8187.65806777946,3660.09104704097,3078.40161861406,4724.32979261507,18992.4127465857,16694.4865958523,87.9008202833706,22.9640870005058,14.7698533131007,41.6664521609308,18.6259620582254,15.6657829030348,24.041802877809,0,0
2021,183910,"Caldwell University","NJ","Private not-for-profit","Four or more years","Master's Colleges & Universities: Medium Programs",2006,1705,301,2491,429,429,302,120,7,21696000,35105000,41344000,32587000,0,0,13409000,0,76,198,142,218,241,459,297,"FASB/private nonprofit (DRVF F2)","Campus/institution-level finance reporting",21.3858424725823,5.64473684210526,3.02112676056338,50573.4265734266,81829.8368298368,10815.5533399801,0,0,6684.44666001994,20610.1694915254,16244.7657028913,78.8191756965944,22.8813559322034,14.8055832502493,61.8031619427432,0,0,38.1968380572568,0,0
2022,183910,"Caldwell University","NJ","Private not-for-profit","Four or more years","Master's Colleges & Universities: Medium Programs",1905,1607,298,2309,453,453,336,103,14,14950000,41982000,41259000,29381000,6022000,4330000,16680000,0,79,175,137,213,220,433,287,"FASB/private nonprofit (DRVF F2)","Campus/institution-level finance reporting",23.7795275590551,5.73417721518987,3.30656934306569,33002.2075055188,92675.4966887417,7847.76902887139,3161.15485564304,2272.96587926509,8755.90551181102,21658.2677165354,15423.0971128609,71.2111296929155,22.7296587926509,15.0656167979003,35.6104997379829,14.3442427707113,10.3139440712686,39.7313134200372,0,0
2023,183910,"Caldwell University","NJ","Private not-for-profit","Four or more years","Master's Colleges & Universities: Medium Programs",1710,1507,203,2160,432,432,333,94,5,15132082,35118711,35755974,29715131,7805038,4084803,8096788,0,77,166,132,193,206,399,262,"FASB/private nonprofit (DRVF F2)","Campus/institution-level finance reporting",25.2631578947368,5.61038961038961,3.27272727272727,35027.9675925926,81293.3125,8849.17076023392,4564.34970760234,2388.77368421053,4734.96374269006,20909.9263157895,17377.2695906433,83.105360239942,23.3333333333333,15.3216374269006,43.0883753108137,22.2247280089523,11.6314149457251,23.055481734509,0,0
2024,183910,"Caldwell University","NJ","Private not-for-profit","Four or more years","Master's Colleges & Universities: Medium Programs",1650,1413,237,2068,393,393,297,84,12,14981939,33645102,35187907,28121670,2091335,4337905,7645659,0,80,171,137,204,215,419,275.66,"FASB/private nonprofit (DRVF F2)","Campus/institution-level finance reporting",23.8181818181818,4.9125,2.86861313868613,38121.9821882952,85610.9465648855,9079.96303030303,1267.47575757576,2629.03333333333,4633.73272727273,21326.0042424242,17043.4363636364,79.9185640680476,25.3939393939394,16.7066666666667,44.5293314908066,6.21586761722405,12.8931248298787,22.7244340052825,4588264,13.6372420568081
2015,183974,"Centenary College","NJ","Private not-for-profit","Four or more years","Master's Colleges & Universities: Medium Programs",2055,1573,482,2945,635,635,426,209,0,12703093,33385822,37583569,31361104,9437755,2538047,8706927,0,76,138,122,269,149,418,318,"FASB/private nonprofit (DRVF F2)","Campus/institution-level finance reporting",30.9002433090024,8.35526315789474,5.20491803278689,20004.8708661417,52576.0976377953,6181.55377128954,4592.58150851581,1235.05936739659,4236.94744525547,18288.8413625304,15260.8778588808,83.4436559231509,20.3406326034063,15.4744525547445,38.0493641881874,28.2687513280338,7.60217016672526,26.0797143170535,0,0
2016,183974,"Centenary University","NJ","Private not-for-profit","Four or more years","Master's Colleges & Universities: Medium Programs",1814,1436,378,2688,601,600,396,205,0,12946140,33002521,35045611,30607672,9365720,2373370,8316931,0,82,141,129,268,159,427,321,"FASB/private nonprofit (DRVF F2)","Campus/institution-level finance reporting",33.1312017640573,7.32926829268293,4.65891472868217,21540.9983361065,54912.6805324459,7136.79162072767,5163.02094818082,1308.36273428886,4584.8572216097,19319.5209481808,16873.0275633958,87.3366767667426,23.5391400220507,17.6957001102536,39.22773051186,28.3788017285104,7.19148091747294,25.2008960163983,360,0.00109082575843221
2017,183974,"Centenary University","NJ","Private not-for-profit","Four or more years","Master's Colleges & Universities: Medium Programs",1801,1411,390,2534,523,514,359,164,0,9951640,38975938,33206273,28146431,9429550,2461043,17106679,0,82,127,124,210,149,359,259,"FASB/private nonprofit (DRVF F2)","Campus/institution-level finance reporting",29.0394225430317,6.3780487804878,4.21774193548387,19027.9923518164,74523.7820267686,5525.61910049972,5235.73014991671,1366.4869516935,9498.43364797335,18437.686285397,15628.2237645752,84.7623911301338,19.9333703498057,14.3808995002776,25.5327787108036,24.1932599543852,6.31426240466618,43.8903587131117,27026,0.0693402170333912
2018,183974,"Centenary University","NJ","Private not-for-profit","Four or more years","Master's Colleges & Universities: Medium Programs",1707,1340,367,2421,509,501,345,164,0,11981972,37822939,36046548,26810245,4319110,2788301,18656283,0,84,130,127,216,160,376,269,"FASB/private nonprofit (DRVF F2)","Campus/institution-level finance reporting",29.8183948447569,6.05952380952381,4.00787401574803,23540.2200392927,74308.3280943026,7019.31575864089,2530.23432923257,1633.4510837727,10929.2811950791,21116.8998242531,15706.0603397774,74.3767336611539,22.0269478617458,15.7586408904511,31.6791140952849,11.419287115684,7.37198396983376,49.3253128742851,77273,0.204301944912319
2019,183974,"Centenary University","NJ","Private not-for-profit","Four or more years","Master's Colleges & Universities: Medium Programs",1577,1284,293,2180,540,519,351,181,8,12354978,38107053,27788926,23398331,3325500,2601000,19399623,0,77,84,105,184,104,288,219,"FASB/private nonprofit (DRVF F2)","Campus/institution-level finance reporting",34.2422320862397,7.01298701298701,5.14285714285714,22879.5888888889,70568.6166666667,7834.48192771084,2108.75079264426,1649.33417882055,12301.5998731769,17621.3861762841,14837.2422320862,84.2001990289225,18.2625237793278,13.8871274571972,32.4217619242296,8.72673098074522,6.82550812837718,50.9082216355067,425952,1.1177773311413
2020,183974,"Centenary University","NJ","Private not-for-profit","Four or more years","Master's Colleges & Universities: Medium Programs",1481,1203,278,2062,537,523,366,167,4,13132278,29449562,34341754,23134960,8184525,3086950,4722027,0,66,123,107,188,140,328,234,"FASB/private nonprofit (DRVF F2)","Campus/institution-level finance reporting",36.2592842673869,8.13636363636364,5.01869158878505,24454.8938547486,54840.8975791434,8867.16948008103,5526.35043889264,2084.36866981769,3188.40445644835,23188.2201215395,15621.1748818366,67.3668561017588,22.1471978392978,15.8001350438893,44.5924390997734,27.7916697029314,10.482159293235,16.0342860107733,323782,1.09944589328697
2021,183974,"Centenary University","NJ","Private not-for-profit","Four or more years","Master's Colleges & Universities: Medium Programs",1306,1054,252,1940,497,463,335,143,19,12755449,28264282,31739652,21787196,8096997,2673997,4735587,0,64,111,101,171,161,332,225,"FASB/private nonprofit (DRVF F2)","Campus/institution-level finance reporting",38.0551301684533,7.765625,4.92079207920792,25664.8873239437,56869.7826961771,9766.80627871363,6199.84456355283,2047.47090352221,3626.02373660031,24302.9494640123,16682.3859111792,68.643462127436,25.4211332312404,17.2281776416539,45.1292164435665,28.6474533476562,9.46069318159223,16.7546693738762,2252,0.00796765330886523
2022,183974,"Centenary University","NJ","Private not-for-profit","Four or more years","Master's Colleges & Universities: Medium Programs",1340,1114,226,1755,427,414,301,116,10,12524231,29433818,24846939,20517661,9706757,2651618,4542611,0,60,150,110,173,207,380,242,"FASB/private nonprofit (DRVF F2)","Campus/institution-level finance reporting",31.865671641791,7.11666666666667,3.88181818181818,29330.7517564403,68931.6580796253,9346.44104477612,7243.84850746269,1978.81940298507,3390.00820895522,18542.4917910448,15311.6873134328,82.5762119028022,28.3582089552239,18.0597014925373,42.550480539086,32.9782463151739,9.00874633389389,15.4333053224695,8601,0.0292214893766075
2023,183974,"Centenary University","NJ","Private not-for-profit","Four or more years","Master's Colleges & Universities: Medium Programs",1231,1001,230,1686,377,348,245,120,12,13218369,29766751,24452793,20678553,7503060,3018094,6014871,0,57,110,94,170,173,343,227,"FASB/private nonprofit (DRVF F2)","Campus/institution-level finance reporting",30.625507717303,6.6140350877193,4.01063829787234,35061.9867374005,78956.899204244,10737.9114541024,6095.09341998375,2451.74167343623,4886.16653127539,19864.1697806661,16798.1746547522,84.565198748462,27.8635255889521,18.4402924451665,44.4064889715374,25.2061771874263,10.1391448465437,20.2066762341648,12357,0.0415127603277899
2024,183974,"Centenary University","NJ","Private not-for-profit","Four or more years","Master's Colleges & Universities: Medium Programs",1215,966,249,1740,376,376,239,137,0,13652080,29109023,26167267,22048191,7372566,2924091,5146319,0,56,116,94.67,176,181,357,236.33,"FASB/private nonprofit (DRVF F2)","Campus/institution-level finance reporting",30.9465020576132,6.71428571428571,3.971691137636,36308.7234042553,77417.6143617021,11236.2798353909,6067.95555555556,2406.65925925926,4235.65349794239,21536.8452674897,18146.6592592593,84.2586694284887,29.3827160493827,19.4510288065844,46.8998220929641,25.3274251080155,10.0453079445504,17.6794631685165,13967,0.0479816859535272
2015,193399,"College of Mount Saint Vincent","NY","Private not-for-profit","Four or more years","Master's Colleges & Universities: Small Programs",1776,1621,155,2269,427,427,357,70,0,15475012,35719089,39173773,30603494,7176535,3168338,9899204,0,80,135,125,247,168,415,302,"FASB/private nonprofit (DRVF F2)","Campus/institution-level finance reporting",24.0427927927928,5.3375,3.416,36241.2459016393,83651.262295082,8713.40765765766,4040.84177927928,1783.9740990991,5573.87612612613,22057.3046171171,17231.6970720721,78.1224060291563,23.3671171171171,17.0045045045045,43.3242068407736,20.0915958410921,8.87015343532418,27.7140438828101,0,0
2016,193399,"College of Mount Saint Vincent","NY","Private not-for-profit","Four or more years","Master's Colleges & Universities: Small Programs",1689,1569,120,2041,400,399,348,52,0,14714937,35074044,39025627,34288462,6997576,4170787,9190744,0,81,131,125,248,168,416,304,"FASB/private nonprofit (DRVF F2)","Campus/institution-level finance reporting",23.6826524570752,4.93827160493827,3.2,36787.3425,87685.11,8712.21847246892,4143.02901124926,2469.38247483718,5441.52989934873,23105.7590290112,20301.0432208407,87.8613993825135,24.6299585553582,17.9988158673771,41.9539218232149,19.9508673707543,11.8913775668412,26.2038332391896,0,0
2017,193399,"College of Mount Saint Vincent","NY","Private not-for-profit","Four or more years","Master's Colleges & Universities: Small Programs",1806,1628,178,2232,384,384,320,64,0,16083664,39726599,46076482,35816187,7443637,4719883,11479415,0,81,136,126,258,176,434,316,"FASB/private nonprofit (DRVF F2)","Campus/institution-level finance reporting",21.2624584717608,4.74074074074074,3.04761904761905,41884.5416666667,103454.684895833,8905.68327796235,4121.61517165006,2613.44573643411,6356.26522702104,25513.0022148394,19831.7757475083,77.7320347503961,24.031007751938,17.4972314507198,40.4858820157245,18.7371614670564,11.8809138431407,28.8960426740784,0,0
2018,193399,"College of Mount Saint Vincent","NY","Private not-for-profit","Four or more years","Master's Colleges & Universities: Small Programs",1832,1649,183,2290,487,472,420,67,0,17225706,41035767,43882862,35702390,7918699,5250119,10641243,0,78,145,126,293,171,464,349,"FASB/private nonprofit (DRVF F2)","Campus/institution-level finance reporting",26.5829694323144,6.24358974358974,3.86507936507937,35371.0595482546,84262.3552361396,9402.67794759825,4322.43395196507,2865.78548034935,5808.53875545851,23953.5272925764,19488.2041484716,81.3583899792133,25.3275109170306,19.0502183406114,41.9772975121922,19.2970658986342,12.7940072376374,25.9316293515362,0,0
2019,193399,"College of Mount Saint Vincent","NY","Private not-for-profit","Four or more years","Master's Colleges & Universities: Small Programs",1829,1647,182,2234,402,397,324,78,0,16738627,41802896,42310754,35087980,8122529,5249079,11692661,0,82,138,128,306,155,461,357,"FASB/private nonprofit (DRVF F2)","Campus/institution-level finance reporting",21.9792236194642,4.90243902439024,3.140625,41638.3756218905,103987.303482587,9151.79168944779,4440.96719518863,2869.91744122471,6392.92564242756,23133.2717331875,19184.2427556042,82.9292240927685,25.2050300710771,19.5188627665391,40.0417880139213,19.4305413672775,12.5567353036976,27.9709353151035,0,0
2020,193399,"College of Mount Saint Vincent","NY","Private not-for-profit","Four or more years","Master's Colleges & Universities: Small Programs",2134,1937,197,2489,448,448,400,48,0,17844047,45018196,55290749,38455310,7742289,7263303,12168557,0,76,226,151,311,248,559,393,"FASB/private nonprofit (DRVF F2)","Campus/institution-level finance reporting",20.9934395501406,5.89473684210526,2.96688741721854,39830.4620535714,100487.044642857,8361.7839737582,3628.06419868791,3403.60965323336,5702.22914714152,25909.4418931584,18020.2952202437,69.551074448277,26.194939081537,18.4161199625117,39.6374101707674,17.1981325062426,16.1341494003891,27.0303079226009,0,0
2021,193399,"College of Mount Saint Vincent","NY","Private not-for-profit","Four or more years","Baccalaureate Colleges: Diverse Fields",3251,2733,518,3245,617,617,524,93,0,24422201,51889311,65610879,48897737,8530023,7399807,11537280,0,68,224,143,300,250,550,383,"FASB/private nonprofit (DRVF F2)","Campus/institution-level finance reporting",18.9787757613042,9.07352941176471,4.31468531468532,39582.1734197731,84099.3695299838,7512.2119347893,2623.81513380498,2276.16333435866,3548.84035681329,20181.7529990772,15040.8295908951,74.5268738131065,16.9178714241772,11.7809904644725,47.0659573799313,16.4388827594955,14.2607540115536,22.2344058490197,0,0
2022,193399,"College of Mount Saint Vincent","NY","Private not-for-profit","Four or more years","Baccalaureate Colleges: Diverse Fields",3452,2644,808,3669,1037,1036,809,228,0,28643580,57918159,57822070,48661864,9859965,6842566,12572048,0,79,187,141,320,232,552,396,"FASB/private nonprofit (DRVF F2)","Campus/institution-level finance reporting",30.0405561993048,13.126582278481,7.35460992907801,27621.581485053,55851.6480231437,8297.67670915411,2856.3050405562,1982.2033603708,3641.96060254925,16750.3099652375,14096.7161066049,84.1579417686015,15.9907300115875,11.4716106604867,49.4552666979625,17.0239613451802,11.8141980307074,21.7065739261498,0,0
2015,184348,"Drew University","NJ","Private not-for-profit","Four or more years","Baccalaureate Colleges: Arts & Sciences Focus",2041,1561,427,2562,530,530,325,123,82,28919000,70262000,51183000,34431000,13935000,11511000,15897000,0,146,103,180,461,158,619,513,"FASB/private nonprofit (DRVF F2)","Campus/institution-level finance reporting",25.9676629103381,3.63013698630137,2.94444444444444,54564.1509433962,132569.811320755,14169.0347868692,6827.53552180304,5639.88241058305,7788.82900538952,25077.413032827,16869.6717295443,67.2703827442706,30.328270455659,25.1347378735914,41.158805613276,19.832911104153,16.3829666106857,22.6253166718852,0,0
2016,184348,"Drew University","NJ","Private not-for-profit","Four or more years","Baccalaureate Colleges: Arts & Sciences Focus",2007,1561,387,2374,423,423,266,97,60,30141000,75479000,40907000,32931000,15007000,8791000,21540000,0,150,92,181,471,150,621,521,"FASB/private nonprofit (DRVF F2)","Campus/institution-level finance reporting",21.0762331838565,2.82,2.33701657458564,71255.3191489362,178437.352245863,15017.9372197309,7477.3293472845,4380.16940707524,10732.4364723468,20382.1624314898,16408.0717488789,80.5021145525216,30.9417040358744,25.9591429995017,39.9329614859762,19.8823513825037,11.6469481577657,28.5377389737543,0,0
2017,184348,"Drew University","NJ","Private not-for-profit","Four or more years","Baccalaureate Colleges: Arts & Sciences Focus",2062,1629,369,2434,507,507,353,99,55,31257000,79545000,53331000,32718000,15882000,9944000,22462000,0,148,100,181,443,154,597,493,"FASB/private nonprofit (DRVF F2)","Campus/institution-level finance reporting",24.5877788554801,3.42567567567568,2.80110497237569,61650.8875739645,156893.49112426,15158.5838991271,7702.23084384093,4822.50242483026,10893.3074684772,25863.7245392823,15867.1193016489,61.3489340158632,28.9524733268671,23.9088263821533,39.294738827079,19.9660569488969,12.5011000062858,28.2381042177384,0,0
2018,184348,"Drew University","NJ","Private not-for-profit","Four or more years","Baccalaureate Colleges: Arts & Sciences Focus",2079,1673,342,2397,450,450,304,89,57,28670000,77030000,49602000,33166000,15945000,8265000,24150000,0,150,103,184,440,156,596,491,"FASB/private nonprofit (DRVF F2)","Campus/institution-level finance reporting",21.6450216450216,3,2.44565217391304,63711.1111111111,171177.777777778,13790.2837902838,7669.55266955267,3975.46897546898,11616.1616161616,23858.5858585859,15952.861952862,66.8642393451877,28.6676286676287,23.6171236171236,37.2192652213423,20.6997273789433,10.7295858756329,31.3514215240815,0,0
2019,184348,"Drew University","NJ","Private not-for-profit","Four or more years","Baccalaureate Colleges: Arts & Sciences Focus",2273,1819,374,2564,459,459,345,70,44,29622496,81094033,55133000,33486000,17044803,9102607,25063388,0,139,105,174,391,177,568,449,"FASB/private nonprofit (DRVF F2)","Campus/institution-level finance reporting",20.1935767707875,3.3021582733813,2.63793103448276,64537.0283224401,176675.453159041,13032.3343598768,7498.81346238451,4004.6665200176,11026.5675318962,24255.6093268808,14732.0721513418,60.736763825658,24.9890013198416,19.7536295644523,36.5285766463237,21.0185661872311,11.2247555871343,30.9065748400995,260739,0.321526739211503
2020,184348,"Drew University","NJ","Private not-for-profit","Four or more years","Baccalaureate Colleges: Arts & Sciences Focus",2528,1940,403,2656,525,524,362,123,40,27250000,71174000,35333000,35460000,17163000,9483000,17278000,0,130,110,167,322,156,478,375,"FASB/private nonprofit (DRVF F2)","Campus/institution-level finance reporting",20.7674050632911,4.03846153846154,3.1437125748503,51904.7619047619,135569.523809524,10779.2721518987,6789.16139240506,3751.18670886076,6834.65189873418,13976.6613924051,14026.8987341772,100.359437353183,18.9082278481013,14.8338607594937,38.2864529182005,24.1141428049569,13.3236856155338,24.2757186613089,0,0
2021,184348,"Drew University","NJ","Private not-for-profit","Four or more years","Baccalaureate Colleges: Arts & Sciences Focus",2262,1716,378,2571,560,560,400,111,49,22429000,63255000,69372000,35654000,14575000,7880000,18371000,0,131,128,174,301,181,482,362,"FASB/private nonprofit (DRVF F2)","Campus/institution-level finance reporting",24.7568523430592,4.27480916030534,3.2183908045977,40051.7857142857,112955.357142857,9915.56145004421,6443.41290893015,3483.64279398762,8121.57382847038,30668.4350132626,15762.157382847,51.3953756558842,21.3085764809903,16.0035366931919,35.4580665560035,23.0416567860248,12.4575132400601,29.0427634179116,0,0
2022,184348,"Drew University","NJ","Private not-for-profit","Four or more years","Baccalaureate Colleges: Arts & Sciences Focus",2145,1684,307,2424,533,533,373,98,62,23921000,70342000,46728000,36844000,17566000,8329000,20526000,0,131,139,177,319,185,504,379,"FASB/private nonprofit (DRVF F2)","Campus/institution-level finance reporting",24.8484848484848,4.06870229007634,3.01129943502825,44879.9249530957,131973.73358349,11151.9813519814,8189.27738927739,3882.98368298368,9569.23076923077,21784.6153846154,17176.68997669,78.8478000342407,23.4965034965035,17.6689976689977,34.0067100736402,24.972278297461,11.8407210485912,29.1802905803076,0,0
2023,184348,"Drew University","NJ","Private not-for-profit","Four or more years","Baccalaureate Colleges: Arts & Sciences Focus",2169,1733,259,2405,535,535,380,101,54,26068000,75788000,51652000,35878000,16798000,9890000,23032000,0,146,106,181,312,160,472,364,"FASB/private nonprofit (DRVF F2)","Campus/institution-level finance reporting",24.665744582757,3.66438356164384,2.95580110497238,48725.2336448598,141659.813084112,12018.4416781927,7744.58275703089,4559.70493314892,10618.7183033656,23813.7390502536,16541.2632549562,69.4610082862232,21.7611802674043,16.7819271553711,34.3959465878503,22.1644587533646,13.0495592969863,30.3900353617987,0,0
2024,184348,"Drew University","NJ","Private not-for-profit","Four or more years","Baccalaureate Colleges: Arts & Sciences Focus",2192,1755,248,2502,516,516,372,81,63,26081000,77803000,53199000,33683000,18103000,9694000,23925000,0,139,109,175.33,323,172,495,380.32,"FASB/private nonprofit (DRVF F2)","Campus/institution-level finance reporting",23.5401459854015,3.71223021582734,2.94302173045115,50544.5736434109,150781.007751938,11898.2664233577,8258.66788321168,4422.44525547445,10914.6897810219,24269.6167883212,15366.3321167883,63.315099907893,22.5821167883212,17.3503649635037,33.5218436307083,23.2677403184967,12.459673791499,30.7507422592959,0,0
2015,232025,"Emory & Henry College","VA","Private not-for-profit","Four or more years","Baccalaureate Colleges: Arts & Sciences Focus",1015,987,28,1119,236,220,219,17,0,11793155,27381869,21423146,11453600,6799065,3129875,5420491,239283,86,60,106,291,125,416,333,"FASB/private nonprofit (DRVF F2)","Campus/institution-level finance reporting",23.2512315270936,2.74418604651163,2.22641509433962,49970.9957627119,116024.868644068,11618.8719211823,6698.58620689655,3083.62068965517,5340.38522167488,21106.5477832512,11284.3349753695,53.4636696216326,40.9852216748768,32.807881773399,43.069211236092,24.8305365860891,11.4304651738711,19.7959131277708,0,0
2016,232025,"Emory & Henry College","VA","Private not-for-profit","Four or more years","Baccalaureate Colleges: Arts & Sciences Focus",1057,999,26,1158,253,225,228,25,0,12752768,29867363,19663894,13088988,6908623,4387337,5524015,294620,87,73,111,273,108,381,309,"FASB/private nonprofit (DRVF F2)","Campus/institution-level finance reporting",23.9356669820246,2.90804597701149,2.27927927927928,50406.1976284585,118052.818181818,12065.059602649,6536.06717123936,4150.74456007569,5226.12582781457,18603.4947965941,12383.1485335856,66.5635606050358,36.0454115421003,29.2336802270577,42.6980045074619,23.1310109298903,14.6894019401713,18.4951547279216,0,0
2017,232025,"Emory & Henry College","VA","Private not-for-profit","Four or more years","Baccalaureate Colleges: Arts & Sciences Focus",1154,1019,72,1257,238,220,211,27,0,14163648,31882741,37703265,15223450,7191611,4688470,5590735,248277,96,92,127,304,141,445,350,"FASB/private nonprofit (DRVF F2)","Campus/institution-level finance reporting",20.6239168110919,2.47916666666667,1.8740157480315,59511.1260504202,133961.096638655,12273.5251299827,6231.8986135182,4062.79896013865,4844.65771230503,32671.8067590988,13191.8977469671,40.3770071371803,38.5615251299827,30.3292894280763,44.4241854864361,22.5564389209824,14.705354222838,17.5353022502049,0,0
2018,232025,"Emory & Henry College","VA","Private not-for-profit","Four or more years","Baccalaureate Colleges: Arts & Sciences Focus",1205,985,126,1302,251,237,207,16,28,15911289,37425504,31753418,18083582,7768075,4706230,8717053,322857,100,90,130,267,130,397,310,"FASB/private nonprofit (DRVF F2)","Campus/institution-level finance reporting",20.8298755186722,2.51,1.93076923076923,63391.5896414343,149105.593625498,13204.3892116183,6446.53526970954,3905.58506224066,7234.06887966805,26351.3842323651,15007.1219917012,56.9500329066937,32.9460580912863,25.7261410788382,42.5145617277459,20.7560999044929,12.5749275146702,23.291745115844,0,0
2019,232025,"Emory & Henry College","VA","Private not-for-profit","Four or more years","Baccalaureate Colleges: Arts & Sciences Focus",1300,1002,199,1340,246,238,205,41,0,17443856,36794322,33505781,19665967,7308788,4070655,7570849,400174,98,88,127,250,109,359,285,"FASB/private nonprofit (DRVF F2)","Campus/institution-level finance reporting",18.9230769230769,2.51020408163265,1.93700787401575,70909.9837398374,149570.414634146,13418.3507692308,5622.14461538462,3131.27307692308,5823.73,25773.6776923077,15127.6669230769,58.6942504041318,27.6153846153846,21.9230769230769,47.4090975232537,19.8639018270265,11.0632694903306,20.5761340024148,0,0
2020,232025,"Emory & Henry College","VA","Private not-for-profit","Four or more years","Baccalaureate Colleges: Arts & Sciences Focus",1321,1019,203,1376,361,326,247,82,32,17536356,38035648,36535368,18978469,8595724,3870564,7751464,281540,92,95,124,246,131,377,289,"FASB/private nonprofit (DRVF F2)","Campus/institution-level finance reporting",27.327781983346,3.92391304347826,2.91129032258065,48577.163434903,105361.905817175,13275.061317184,6506.98258894777,2930.02573807721,5867.87585162755,27657.3565480696,14366.7441332324,51.9454710296062,28.5389856169569,21.8773656320969,46.1050538694648,22.5991259567866,10.1761484384333,20.3794713843182,0,0
2021,232025,"Emory & Henry College","VA","Private not-for-profit","Four or more years","Master's Colleges & Universities: Medium Programs",1268,958,212,1414,321,307,211,78,32,16913227,35163629,64746153,19163086,7162547,3674266,7266384,147205,92,69,115,270,97,367,301,"FASB/private nonprofit (DRVF F2)","Campus/institution-level finance reporting",25.3154574132492,3.48913043478261,2.79130434782609,52689.1806853583,109544.015576324,13338.5070977918,5648.69637223975,2897.68611987382,5730.58675078864,51061.6348580442,15112.8438485804,29.597258079565,28.9432176656151,23.7381703470032,48.0986390796013,20.3691917008907,10.4490523432607,20.6644882984063,0,0
2022,232025,"Emory & Henry College","VA","Private not-for-profit","Four or more years","Master's Colleges & Universities: Medium Programs",1415,1056,197,1534,320,314,207,82,31,18745913,42349443,21545596,18434152,10413045,4223511,8451428,515546,98,57,117,276,83,359,304,"FASB/private nonprofit (DRVF F2)","Campus/institution-level finance reporting",22.6148409893993,3.26530612244898,2.73504273504274,58580.978125,132342.009375,13247.9950530035,7359.04240282686,2984.81342756184,5972.7406360424,15226.5696113074,13027.6692579505,85.5587935464863,25.3710247349823,21.4840989399293,44.2648395635333,24.5883871483268,9.97300247845054,19.9564088717767,0,0
2023,232025,"Emory & Henry University","VA","Private not-for-profit","Four or more years","Master's Colleges & Universities: Medium Programs",1445,1083,184,1459,271,261,195,44,32,20655244,47779922,48953923,17584021,10676210,5013004,11140346,295118,103,68,126,309,111,420,346,"FASB/private nonprofit (DRVF F2)","Campus/institution-level finance reporting",18.7543252595156,2.63106796116505,2.15079365079365,76218.6125461255,176309.675276753,14294.2865051903,7388.38062283737,3469.20692041522,7709.58200692042,33878.1474048443,12168.8726643599,35.9195339666649,29.0657439446367,23.9446366782007,43.2299659258548,22.3445530112,10.4918630884328,23.3159568573595,0,0
2024,232025,"Emory & Henry University","VA","Private not-for-profit","Four or more years","Master's Colleges & Universities: Medium Programs",1551,1153,255,1490,301,296,181,56,64,22638103,49803121,43387149,17279479,10702736,5293727,10788859,379696,92,52,109.33,282,97,379,314.33,"FASB/private nonprofit (DRVF F2)","Campus/institution-level finance reporting",19.4068343004513,3.27173913043478,2.7531327174609,75209.6445182724,165458.873754153,14595.8110896196,6900.5390070922,3413.1057382334,6956.06640876854,27973.6615087041,11140.863313991,39.8262605362708,24.4358478401032,20.2662798194713,45.4551894448543,21.4900909523321,10.6293077496087,21.6630178658884,0,0
2015,184612,"Felician University","NJ","Private not-for-profit","Four or more years","Master's Colleges & Universities: Small Programs",1818,1606,196,2475,529,529,438,85,6,12555261,36508167,39513081,33194490,8845200,3647006,11460700,0,85,117,124,238,165,403,293,"FASB/private nonprofit (DRVF F2)","Campus/institution-level finance reporting",29.0979097909791,6.22352941176471,4.26612903225806,23733.9527410208,69013.5482041588,6906.08415841584,4865.34653465346,2006.05390539054,6304.01540154015,21734.3679867987,18258.795379538,84.0088627864782,22.1672167216722,16.1166116611661,34.3902803994514,24.2280035587654,9.98956206155187,31.3921539802313,0,0
2016,184612,"Felician University","NJ","Private not-for-profit","Four or more years","Master's Colleges & Universities: Small Programs",1830,1586,227,2381,495,493,414,78,3,13446240,37809680,36656119,33996746,8342800,3774875,12245765,0,85,124,126,234,173,407,290,"FASB/private nonprofit (DRVF F2)","Campus/institution-level finance reporting",27.0491803278689,5.8235294117647,3.92857142857143,27164.1212121212,76383.1919191919,7347.67213114754,4558.90710382514,2062.77322404372,6691.67486338798,20030.6661202186,18577.4568306011,92.7450775680862,22.2404371584699,15.8469945355191,35.5629563646135,22.0652488992237,9.98388507916491,32.3879096569979,0,0
2017,184612,"Felician University","NJ","Private not-for-profit","Four or more years","Master's Colleges & Universities: Small Programs",1858,1612,225,2414,460,460,355,103,2,14011185,38286296,38456592,34238497,8640379,3645063,11989669,0,79,133,123,225,180,405,285,"FASB/private nonprofit (DRVF F2)","Campus/institution-level finance reporting",24.7578040904198,5.82278481012658,3.73983739837398,30459.097826087,83231.0782608696,7541.00376749193,4650.3654467169,1961.82077502691,6452.99730893434,20697.8428417653,18427.6087190527,89.0315423686009,21.7976318622174,15.3390742734123,36.5958226933209,22.5678112084804,9.52054228489484,31.3158238133039,0,0
2018,184612,"Felician University","NJ","Private not-for-profit","Four or more years","Master's Colleges & Universities: Medium Programs",1867,1600,234,2407,486,486,370,116,0,13534212,38060544,37702188,33812760,8901724,3914309,11710299,0,80,134,125,237,181,418,297,"FASB/private nonprofit (DRVF F2)","Campus/institution-level finance reporting",26.0310658810927,6.075,3.888,27848.1728395062,78313.8765432099,7249.1762185324,4767.92929833958,2096.57686127477,6272.25441885378,20193.9946438136,18110.7445099089,89.6838135760185,22.3888591322978,15.9078735940011,35.559691422172,23.3883257159961,10.2844273586841,30.7675555031478,0,0
2019,184612,"Felician University","NJ","Private not-for-profit","Four or more years","Master's Colleges & Universities: Medium Programs",1870,1604,227,2412,450,450,314,128,8,14512594,40468799,37863429,35124088,10496705,4223240,11236260,0,82,154,133,268,200,468,335,"FASB/private nonprofit (DRVF F2)","Campus/institution-level finance reporting",24.0641711229947,5.48780487804878,3.38345864661654,32250.2088888889,89930.6644444444,7760.74545454545,5613.21122994652,2258.41711229947,6008.69518716578,20247.8229946524,18782.9347593583,92.7652062363396,25.0267379679144,17.9144385026738,35.8611927178763,25.9377724552686,10.4357927696347,27.7652420572204,0,0
2020,184612,"Felician University","NJ","Private not-for-profit","Four or more years","Master's Colleges & Universities: Medium Programs",2187,1914,232,2882,464,464,364,99,1,16351131,44538664,42173966,38636668,12902300,4346917,10938316,0,80,192,144,269,225,494,343,"FASB/private nonprofit (DRVF F2)","Campus/institution-level finance reporting",21.2162780064015,5.8,3.22222222222222,35239.5064655172,95988.5,7476.51165980796,5899.54275262917,1987.61636945588,5001.51623228166,19283.9350708733,17666.5148605396,91.6126029029378,22.5880201188843,15.6835848193873,36.7122170525816,28.9687629606492,9.7598729050337,24.5591470817355,0,0
2021,184612,"Felician University","NJ","Private not-for-profit","Four or more years","Master's Colleges & Universities: Medium Programs",2351,2082,225,3052,531,531,411,117,3,15998256,42551193,45599656,36387804,9929787,4562404,12060746,0,87,168,143,277,203,480,344,"FASB/private nonprofit (DRVF F2)","Campus/institution-level finance reporting",22.5861335601872,6.10344827586207,3.71328671328671,30128.5423728814,80134.0734463277,6804.87282007656,4223.64398128456,1940.62271373883,5130.04934070608,19395.8553806891,15477.5857082093,79.7984177775376,20.4168438962144,14.6320714589536,37.5976673556485,23.3360954180533,10.7221529605527,28.3440842657455,0,0
2022,184612,"Felician University","NJ","Private not-for-profit","Four or more years","Master's Colleges & Universities: Medium Programs",2250,2003,209,2941,624,624,464,153,7,16460431,51911100,54452455,34451950,11913168,4008727,19528774,0,84,146,133,268,184,452,329,"FASB/private nonprofit (DRVF F2)","Campus/institution-level finance reporting",27.7333333333333,7.42857142857143,4.69172932330827,26378.8958333333,83190.8653846154,7315.74711111111,5294.74133333333,1781.65644444444,8679.45511111111,24201.0911111111,15311.9777777778,63.2697827857348,20.0888888888889,14.6222222222222,31.7088849976209,22.9491727202853,7.72229253473727,37.6196497473565,0,0
2023,184612,"Felician University","NJ","Private not-for-profit","Four or more years","Master's Colleges & Universities: Medium Programs",1990,1726,232,2682,526,526,420,96,10,19906503,53444295,48390787,31574051,15692010,4436305,4673019,0,85,114,123,263,156,419,315,"FASB/private nonprofit (DRVF F2)","Campus/institution-level finance reporting",26.4321608040201,6.18823529411765,4.27642276422764,37845.0627376426,101605.123574144,10003.267839196,7885.43216080402,2229.29899497487,2348.25075376884,24316.9783919598,15866.3572864322,65.2480626115876,21.0552763819096,15.8291457286432,37.2471991631661,29.3614313744807,8.30080179746033,8.74371904428714,8736458,16.3468486206058
2024,184612,"Felician University","NJ","Private not-for-profit","Four or more years","Master's Colleges & Universities: Medium Programs",2212,1900,265,2761,537,537,415,113,9,17895819,52851170,43964588,34903748,15691118,4215746,7553041,0,79,134,123.67,274,174,448,332,"FASB/private nonprofit (DRVF F2)","Campus/institution-level finance reporting",24.2766726943942,6.79746835443038,4.34220101884046,33325.5474860335,98419.3109869646,8090.33408679928,7093.63381555154,1905.85262206148,3414.57549728752,19875.4918625678,15779.2712477396,79.3905949943168,20.253164556962,15.0090415913201,33.8607811331329,29.6892538045988,7.9766370356607,14.2911519271948,7495446,14.1821760994127
2015,184773,"Georgian Court University","NJ","Private not-for-profit","Four or more years","Master's Colleges & Universities: Medium Programs",1836,1382,454,2695,531,531,348,183,0,13482903,42319972,39501684,33806864,9152874,8063255,11620940,0,86,161,140,298,200,498,365,"FASB/private nonprofit (DRVF F2)","Campus/institution-level finance reporting",28.921568627451,6.17441860465116,3.79285714285714,25391.5310734463,79698.6290018832,7343.62908496732,4985.22549019608,4391.75108932462,6329.48801742919,21515.0784313725,18413.3246187364,85.5833488010283,27.1241830065359,19.880174291939,31.8594327047286,21.6277884115802,19.0530726249063,27.4597062587849,0,0
2016,184773,"Georgian Court University","NJ","Private not-for-profit","Four or more years","Master's Colleges & Universities: Medium Programs",1784,1343,441,2675,487,487,292,195,0,12496481,40058587,36259989,33487841,9143923,7216056,11202127,0,85,175,143,296,208,504,365,"FASB/private nonprofit (DRVF F2)","Campus/institution-level finance reporting",27.2982062780269,5.72941176470588,3.40559440559441,25660.1252566735,82255.8254620123,7004.75392376682,5125.51737668161,4044.87443946188,6279.21917040359,20325.105941704,18771.21132287,92.3548018726647,28.2511210762332,20.4596412556054,31.1955112146117,22.8263742802511,18.0137557023666,27.9643588027706,0,0
2017,184773,"Georgian Court University","NJ","Private not-for-profit","Four or more years","Master's Colleges & Universities: Medium Programs",1948,1412,536,2779,573,572,401,172,0,13418687,41974564,42759448,34264283,10271628,6979912,11304337,0,87,197,153,309,230,539,386,"FASB/private nonprofit (DRVF F2)","Campus/institution-level finance reporting",29.4147843942505,6.58620689655172,3.74509803921569,23418.3019197208,73254.0383944154,6888.44301848049,5272.90965092402,3583.11704312115,5803.0477412731,21950.4353182752,17589.4676591376,80.1326598042145,27.6694045174538,19.8151950718686,31.9686155644166,24.4710772933818,16.6289088791965,26.9313982630052,0,0
2018,184773,"Georgian Court University","NJ","Private not-for-profit","Four or more years","Master's Colleges & Universities: Medium Programs",1939,1417,522,2876,660,660,390,270,0,13766299,42963268,40898488,33822140,10786839,7770192,10639938,0,89,188,152,306,216,522,378,"FASB/private nonprofit (DRVF F2)","Campus/institution-level finance reporting",34.0381640020629,7.41573033707865,4.3421052631579,20858.0287878788,65095.8606060606,7099.69004641568,5563.09386281588,4007.31923671996,5487.33264569366,21092.5673027334,17443.0840639505,82.6977760155828,26.9210933470861,19.4945848375451,32.0420201740706,25.107119411866,18.0856633159284,24.7651970981351,0,0
2019,184773,"Georgian Court University","NJ","Private not-for-profit","Four or more years","Master's Colleges & Universities: Medium Programs",1973,1515,458,2850,580,580,337,243,0,14388281,43636913,40049027,34355557,10673335,7877428,10697869,0,91,198,157,291,223,514,365,"FASB/private nonprofit (DRVF F2)","Campus/institution-level finance reporting",29.3968575772935,6.37362637362637,3.69426751592357,24807.3810344828,75236.0568965517,7292.59047136341,5409.69842878865,3992.61429295489,5422.13329954384,20298.5438418652,17412.8520020274,85.7837495028281,26.0516979219463,18.499746578814,32.9727288454158,24.4594181077841,18.0522118968406,24.5156411499594,0,0
2020,184773,"Georgian Court University","NJ","Private not-for-profit","Four or more years","Master's Colleges & Universities: Medium Programs",1959,1523,414,2981,638,638,410,228,0,14662682,42521914,40644336,35281483,10169296,7322968,10366968,0,90,166,145,264,193,457,327,"FASB/private nonprofit (DRVF F2)","Campus/institution-level finance reporting",32.5676365492598,7.08888888888889,4.4,22982.2601880878,66648.7680250784,7484.77896886166,5191.06482899438,3738.11536498213,5291.96937212864,20747.4915773354,18009.9453802961,86.8054112140004,23.3282286881062,16.6921898928024,34.482648170541,23.9154239388189,17.2216330619548,24.3802948286853,0,0
2021,184773,"Georgian Court University","NJ","Private not-for-profit","Four or more years","Master's Colleges & Universities: Larger Programs",1798,1391,389,2722,598,598,393,205,0,14498296,41515178,54066010,32682656,10086871,6976806,9953205,0,92,170,149,260,190,450,325,"FASB/private nonprofit (DRVF F2)","Campus/institution-level finance reporting",33.2591768631813,6.5,4.01342281879195,24244.6421404682,69423.3745819398,8063.56840934371,5610.05061179088,3880.3147942158,5535.70912124583,30070.0834260289,18177.2280311457,60.4495430678165,25.027808676307,18.0756395995551,34.9228804944543,24.296827054433,16.8054343883579,23.9748580627548,0,0
2022,184773,"Georgian Court University","NJ","Private not-for-profit","Four or more years","Master's Colleges & Universities: Larger Programs",1620,1277,323,2503,623,623,441,177,5,15365816,46657180,36491601,30424697,10770514,8019109,12501741,0,95,143,143,257,167,424,314,"FASB/private nonprofit (DRVF F2)","Campus/institution-level finance reporting",38.4567901234568,6.55789473684211,4.35664335664336,24664.2311396469,74891.13964687,9485.07160493827,6648.46543209877,4950.06728395062,7717.12407407407,22525.6796296296,18780.6771604938,83.3745195229993,26.1728395061728,19.3827160493827,32.9334434700083,23.0843655788884,17.1872989323401,26.7948920187632,0,0
2023,184773,"Georgian Court University","NJ","Private not-for-profit","Four or more years","Master's Colleges & Universities: Larger Programs",1545,1200,328,2363,494,494,357,133,4,15327254,48062864,38127686,29276536,12242233,7824413,12668964,0,88,146,137,236,168,404,292,"FASB/private nonprofit (DRVF F2)","Campus/institution-level finance reporting",31.9741100323625,5.61363636363636,3.60583941605839,31026.8299595142,97293.2469635627,9920.55275080906,7923.77540453074,5064.34498381877,8199.97669902913,24678.1139158576,18949.2142394822,76.7855043707609,26.1488673139159,18.8996763754045,31.8900138784905,25.471293179699,16.2795396462433,26.3591532955672,0,0
2024,184773,"Georgian Court University","NJ","Private not-for-profit","Four or more years","Master's Colleges & Universities: Larger Programs",1563,1228,314,2270,464,464,298,156,10,15395401,46957838,51048163,30387322,11464035,7827752,12270650,0,78,140,124.67,214,185,399,275.66,"FASB/private nonprofit (DRVF F2)","Campus/institution-level finance reporting",29.6865003198976,5.94871794871795,3.72182561963584,33179.7435344828,101202.237068966,9849.90467050544,7334.63531669866,5008.15866922585,7850.70377479207,32660.3730006398,19441.6647472809,59.5267688672754,25.5278310940499,17.6365962891875,32.7855831011641,24.4134642655397,16.6697453149355,26.1312073183608,0,0
2015,212984,"Holy Family University","PA","Private not-for-profit","Four or more years","Master's Colleges & Universities: Larger Programs",2048,1583,465,3276,726,726,485,238,3,18201945,36564784,37115924,34091943,5340689,3867209,9154941,0,74,257,160,230,320,550,337,"FASB/private nonprofit (DRVF F2)","Campus/institution-level finance reporting",35.44921875,9.81081081081081,4.5375,25071.5495867769,50364.7162534435,8887.66845703125,2607.75830078125,1888.28564453125,4470.18603515625,18123.009765625,16646.4565429688,91.8526048280517,26.85546875,16.455078125,49.7799877609013,14.6061002302106,10.5763211947321,25.037590814156,0,0
2016,212984,"Holy Family University","PA","Private not-for-profit","Four or more years","Master's Colleges & Universities: Larger Programs",2109,1705,404,3155,724,724,465,254,5,17992109,36034767,36015662,34275852,5125834,3960316,8956508,0,76,251,160,235,314,549,341,"FASB/private nonprofit (DRVF F2)","Campus/institution-level finance reporting",34.3290659080133,9.52631578947368,4.525,24850.979281768,49771.7776243094,8531.10905642485,2430.45708866762,1877.81697486961,4246.80322427691,17077.1275486012,16252.1820768137,95.1692960690269,26.0312944523471,16.1688003793267,49.9298607924952,14.2246902831368,10.990263930387,24.855184993981,0,0
2017,212984,"Holy Family University","PA","Private not-for-profit","Four or more years","Master's Colleges & Universities: Larger Programs",2325,1786,539,3453,597,597,414,176,7,19151555,36969016,40496213,36143713,5057835,3962411,8797215,0,77,318,183,228,361,589,346,"FASB/private nonprofit (DRVF F2)","Campus/institution-level finance reporting",25.6774193548387,7.75324675324675,3.26229508196721,32079.6566164154,61924.6499162479,8237.22795698925,2175.41290322581,1704.26279569892,3783.74838709677,17417.7260215054,15545.6830107527,89.252081423021,25.3333333333333,14.8817204301075,51.8043406943804,13.6812811030729,10.7181943928397,23.796183809707,0,0
2018,212984,"Holy Family University","PA","Private not-for-profit","Four or more years","Master's Colleges & Universities: Larger Programs",2571,1876,695,3662,815,815,472,343,0,21768582,40739751,46932492,41027071,5438582,3777640,9754947,0,76,313,180,229,366,595,349,"FASB/private nonprofit (DRVF F2)","Campus/institution-level finance reporting",31.6997277323998,10.7236842105263,4.52777777777778,26709.9165644172,49987.4245398773,8466.97082847141,2115.3566705562,1469.3271100739,3794.22287047841,18254.5670945158,15957.6316608324,87.4172012856253,23.1427460132244,13.5744846363283,53.4332720884818,13.3495710368971,9.27261435643041,23.9445425181906,0,0
2019,212984,"Holy Family University","PA","Private not-for-profit","Four or more years","Master's Colleges & Universities: Larger Programs",2608,1863,710,3754,908,908,467,435,6,22286717,41200670,45222539,41962195,5473518,3735056,9705379,0,80,303,181,226,355,581,343,"FASB/private nonprofit (DRVF F2)","Campus/institution-level finance reporting",34.8159509202454,11.35,5.01657458563536,24544.8425110132,45375.1872246696,8545.52032208589,2098.74156441718,1432.15337423313,3721.38765337423,17339.9305981595,16089.798696319,92.7904446055097,22.2776073619632,13.1518404907975,54.0930936317298,13.2850218212471,9.06552247815387,23.5563620688693,0,0
2020,212984,"Holy Family University","PA","Private not-for-profit","Four or more years","Master's Colleges & Universities: Larger Programs",2687,1937,689,3779,880,880,471,406,3,22713126,41672128,52124661,43413244,5307723,3723432,9927847,0,76,280,169,219,354,573,336,"FASB/private nonprofit (DRVF F2)","Campus/institution-level finance reporting",32.7502791216971,11.5789473684211,5.20710059171598,25810.3704545455,47354.6909090909,8452.96836620767,1975.33420171195,1385.72087830294,3694.77000372162,19398.8317826572,16156.7711202084,83.2873407080767,21.3248976553777,12.5046520282843,54.5043584047352,12.736865753532,8.93506566307341,23.8237101786595,0,0
2021,212984,"Holy Family University","PA","Private not-for-profit","Four or more years","Master's Colleges & Universities: Larger Programs",2855,2137,660,3636,876,876,464,389,23,24171003,44690047,58922430,47146547,5603637,4192566,10722841,0,77,271,167,230,353,583,347,"FASB/private nonprofit (DRVF F2)","Campus/institution-level finance reporting",30.6830122591944,11.3766233766234,5.24550898203593,27592.4691780822,51016.0353881279,8466.2007005254,1962.74500875657,1468.49947460595,3755.8112084063,20638.3292469352,16513.6767075306,80.014600551946,20.4203152364273,12.15411558669,54.0858750942911,12.5388926084593,9.38143117191172,23.9938011253378,0,0
2022,212984,"Holy Family University","PA","Private not-for-profit","Four or more years","Master's Colleges & Universities: Larger Programs",2544,2033,488,3562,869,869,521,317,31,22989220,45258214,45596889,44008441,5902598,4732713,11633683,0,71,309,174,223,387,610,352,"FASB/private nonprofit (DRVF F2)","Campus/institution-level finance reporting",34.1588050314465,12.2394366197183,4.99425287356322,26454.7986191024,52080.7986191024,9036.64308176101,2320.2036163522,1860.34316037736,4572.98860062893,17923.3054245283,17298.9154874214,96.5163237342793,23.9779874213836,13.8364779874214,50.7956853975723,13.042048013649,10.4571360239713,25.7051305648075,0,0
2023,212984,"Holy Family University","PA","Private not-for-profit","Four or more years","Master's Colleges & Universities: Larger Programs",2589,2055,501,3437,800,799,518,266,16,23325524,45443029,50652940,42445274,6463530,5346793,10307182,0,79,300,179,250,380,630,377,"FASB/private nonprofit (DRVF F2)","Campus/institution-level finance reporting",30.8999613750483,10.126582278481,4.46927374301676,29156.905,56803.78625,9009.47238315952,2496.53534183082,2065.19621475473,3981.14407106991,19564.673619158,16394.4665894168,83.7962692787428,24.3337195828505,14.5616067979915,51.3291576580426,14.2233696613841,11.7659256384516,22.6815470421217,0,0
2024,212984,"Holy Family University","PA","Private not-for-profit","Four or more years","Master's Colleges & Universities: Larger Programs",2743,2276,428,3673,871,871,585,266,20,24629615,51070823,54578166,45312447,8001734,6461192,11978282,0,85,301,185.33,263,375,638,387.99,"FASB/private nonprofit (DRVF F2)","Campus/institution-level finance reporting",31.7535545023697,10.2470588235294,4.69972481519452,28277.3995407577,58634.6991963261,8979.07947502734,2917.14691943128,2355.52023332118,4366.8545388261,19897.2533722202,16519.3025884069,83.0230297588233,23.2592052497266,14.144732045206,48.2263914172677,15.6679166889478,12.6514350473655,23.4542568464189,0,0
2015,147013,"McKendree University","IL","Private not-for-profit","Four or more years","Master's Colleges & Universities: Larger Programs",2695,2276,419,3691,688,685,508,177,3,15588002,37477347,33850880,28745593,10718025,1720453,9109556,0,105,158,158,301,178,479,361,"FASB/private nonprofit (DRVF F2)","Campus/institution-level finance reporting",25.5287569573284,6.55238095238095,4.35443037974684,22656.9796511628,54472.8880813954,5784.0452690167,3977.00371057514,638.387012987013,3380.16920222635,12560.6233766234,10666.2682745826,84.9183034532632,17.7736549165121,13.3951762523191,41.5931309118546,28.5986758881305,4.59064778518074,24.3068326047732,341311,0.910712810060968
2016,147013,"McKendree University","IL","Private not-for-profit","Four or more years","Master's Colleges & Universities: Larger Programs",2533,2097,436,3578,797,797,575,219,3,15343440,38799368,31808154,28196471,11766895,1691505,9608855,0,100,173,158,286,202,488,354,"FASB/private nonprofit (DRVF F2)","Campus/institution-level finance reporting",31.4646664034741,7.97,5.04430379746835,19251.4930991217,48681.7666248432,6057.41808132649,4645.43821555468,667.787208843269,3793.46821950257,12557.5025661271,11131.6506119226,88.6454177755804,19.2656928543229,13.9755230951441,39.5455925983124,30.3275429641019,4.35961998143887,24.7654936028855,388673,1.00175085326132
2017,147013,"McKendree University","IL","Private not-for-profit","Four or more years","Master's Colleges & Universities: Larger Programs",2531,2100,431,3438,787,784,553,225,9,15228115,40360046,41703648,28979408,13308092,1552985,9922159,0,97,166,152,272,189,461,335,"FASB/private nonprofit (DRVF F2)","Campus/institution-level finance reporting",31.0944290794153,8.11340206185567,5.17763157894737,19349.5743329098,51283.4129606099,6016.63966811537,5258.03713947057,613.585539312525,3920.25246937969,16477.142631371,11449.7858553931,69.4889041841136,18.2141446068748,13.2358751481628,37.73066809686,32.9734311997563,3.84782762636098,24.5841122183062,348695,0.863960858716563
2018,147013,"McKendree University","IL","Private not-for-profit","Four or more years","Master's Colleges & Universities: Larger Programs",2289,1922,367,3143,697,694,499,182,16,14396992,40439409,33582855,27601011,13489805,1552441,9598281,0,94,159,147,258,180,438,318,"FASB/private nonprofit (DRVF F2)","Campus/institution-level finance reporting",30.4499781564002,7.41489361702128,4.74149659863946,20655.6556671449,58019.2381635581,6289.64263870686,5893.31804281346,678.217999126256,4193.22018348624,14671.4089121887,12058.1087811271,82.1878038659905,19.1349934469201,13.8925294888598,35.601390712708,33.3580666324772,3.83893097943147,23.7349685303264,1401890,3.46664314505684
2019,147013,"McKendree University","IL","Private not-for-profit","Four or more years","Master's Colleges & Universities: Larger Programs",2159,1806,353,2899,666,664,470,171,25,12150234,37182728,38871264,26217246,10632660,1639270,12020240,0,92,128,135,257,144,401,306,"FASB/private nonprofit (DRVF F2)","Campus/institution-level finance reporting",30.8476146364057,7.23913043478261,4.93333333333333,18243.5945945946,55829.9219219219,5627.71375636869,4924.80778138027,759.2728114868,5567.50347383048,18004.2908754053,12143.235757295,67.4463428819809,18.5734136174155,14.1732283464567,32.6770913634954,28.5956963674102,4.40868674294151,32.3274828033059,740324,1.99104272284702
2020,147013,"McKendree University","IL","Private not-for-profit","Four or more years","Master's Colleges & Universities: Larger Programs",1951,1611,340,2913,650,650,453,185,12,12870208,35308743,29830185,25025301,10749425,1366283,9873403,8825,83,137,129,229,159,388,282,"FASB/private nonprofit (DRVF F2)","Campus/institution-level finance reporting",33.3162480779088,7.83132530120482,5.03875968992248,19800.32,54321.1430769231,6596.72373141978,5509.7001537673,700.298821117376,5060.68836494106,15289.689902614,12826.9097898514,83.8925437438621,19.8872373141978,14.454126089185,36.4504847991898,30.444088593015,3.86953169077698,27.9630543630511,440599,1.24784674436017
2021,147013,"McKendree University","IL","Private not-for-profit","Four or more years","Master's Colleges & Universities: Medium Programs",1864,1521,343,2379,626,626,420,187,19,9668767,29185881,40955753,23268897,9608267,1192110,8265070,24517,74,116,113,215,137,352,261,"FASB/private nonprofit (DRVF F2)","Campus/institution-level finance reporting",33.5836909871245,8.45945945945946,5.53982300884956,15445.3146964856,46622.8130990415,5187.10675965665,5154.64967811159,639.543991416309,4434.05042918455,21971.9704935622,12483.3138412017,56.8147214873573,18.8841201716738,14.0021459227468,33.128234162265,32.9209421500759,4.08454348182945,28.3187271269968,427150,1.46355013233967
2022,147013,"McKendree University","IL","Private not-for-profit","Four or more years","Master's Colleges & Universities: Medium Programs",1664,1377,287,2099,647,647,410,229,8,9295209,31169943,21455868,20083304,11372328,1169781,8591111,0,67,108,103,214,142,356,262,"FASB/private nonprofit (DRVF F2)","Campus/institution-level finance reporting",38.8822115384615,9.65671641791045,6.28155339805825,14366.629057187,48176.1097372488,5586.06310096154,6834.33173076923,702.993389423077,5162.92728365385,12894.1514423077,12069.2932692308,93.6028502785345,21.3942307692308,15.7451923076923,29.8210651203308,36.4849175373853,3.75291350388417,27.5621646148021,741514,2.37893922359755
2023,147013,"McKendree University","IL","Private not-for-profit","Four or more years","Master's Colleges & Universities: Medium Programs",1746,1424,322,2158,495,495,321,148,26,9237533,33831146,32314563,20780220,12519025,1192889,10106731,0,67,120,107,220,145,365,268,"FASB/private nonprofit (DRVF F2)","Campus/institution-level finance reporting",28.3505154639175,7.38805970149254,4.62616822429907,18661.6828282828,68345.7494949495,5290.68327605956,7170.11741122566,683.212485681558,5788.50572737686,18507.7680412371,11901.6151202749,64.3060529706065,20.9049255441008,15.3493699885452,27.3048184652095,37.0044366809212,3.52600825286853,29.8740426942676,774968,2.29069390673316
2024,147013,"McKendree University","IL","Private not-for-profit","Four or more years","Master's Colleges & Universities: Medium Programs",1864,1527,337,2510,547,544,356,176,15,8648933,35870797,35270427,21815684,14016191,1473361,11003524,0,72,153,123,230,176,406,288.66,"FASB/private nonprofit (DRVF F2)","Campus/institution-level finance reporting",29.3454935622318,7.59722222222222,4.44715447154472,15811.5776965265,65577.3254113345,4639.98551502146,7519.41577253219,790.429721030043,5903.17811158798,18921.9028969957,11703.6931330472,61.852622311604,21.7811158798283,15.4860515021459,24.1113488501524,39.074099747491,4.10741082781071,30.675437738392,728788,2.03170283615388
2015,193353,"Mount Saint Mary College","NY","Private not-for-profit","Four or more years","Master's Colleges & Universities: Medium Programs",2071,1817,254,2857,581,581,476,105,0,16301032,40532251,39742550,36714812,8978383,5544792,9678764,0,85,191,149,320,246,566,404,"FASB/private nonprofit (DRVF F2)","Campus/institution-level finance reporting",28.0540801545147,6.83529411764706,3.8993288590604,28056.8537005164,69762.9104991394,7871.09222597779,4335.28874939643,2677.35007242878,4673.47368421053,19190.0289715113,17728.0598744568,92.3816212095097,27.3297923708353,19.507484307098,40.2174357402455,22.1512074421921,13.6799508125024,23.8791672340132,29280,0.0722387710467894
2016,193353,"Mount Saint Mary College","NY","Private not-for-profit","Four or more years","Master's Colleges & Universities: Medium Programs",2110,1844,266,2858,612,612,484,128,0,17535969,42097743,37762403,37905977,9325249,5324787,9874403,0,89,188,152,330,240,570,410,"FASB/private nonprofit (DRVF F2)","Campus/institution-level finance reporting",29.0047393364929,6.87640449438202,4.02631578947368,28653.5441176471,68787.1617647059,8310.88578199052,4419.54928909953,2523.59573459716,4679.81184834123,17896.8734597156,17964.9180094787,100.38020355855,27.0142180094787,19.4312796208531,41.6553661796073,22.1514227021624,12.648628217432,23.4558964360631,37335,0.0886864647351759
2017,193353,"Mount Saint Mary College","NY","Private not-for-profit","Four or more years","Master's Colleges & Universities: Medium Programs",2109,1822,287,2830,600,600,472,128,0,18837048,43237265,50947353,38298133,9685220,4972021,9704863,0,90,179,150,336,233,569,414,"FASB/private nonprofit (DRVF F2)","Campus/institution-level finance reporting",28.4495021337127,6.66666666666667,4,31395.08,72062.1083333333,8931.7439544808,4592.32811759128,2357.52536747274,4601.64201043148,24157.1137980085,18159.3802750119,75.1719780220967,26.9796111901375,19.6301564722617,43.5666964596396,22.4001680032259,11.4993883169992,22.4455987213807,38113,0.0881484987544888
2018,193353,"Mount Saint Mary College","NY","Private not-for-profit","Four or more years","Master's Colleges & Universities: Medium Programs",2036,1781,255,2689,593,592,474,119,0,17613861,42117923,49837928,36876141,9932110,5153831,9378821,0,79,170,136,324,228,552,400,"FASB/private nonprofit (DRVF F2)","Campus/institution-level finance reporting",29.1257367387033,7.50632911392405,4.36029411764706,29702.9696458685,71025.1652613828,8651.20874263261,4878.24656188605,2531.35117878193,4606.49361493124,24478.3536345776,18112.0535363458,73.9921230272655,27.1119842829077,19.6463654223969,41.8203456993831,23.5816709195275,12.2366694103126,22.2680045262441,39300,0.0933094445326756
2019,193353,"Mount Saint Mary College","NY","Private not-for-profit","Four or more years","Master's Colleges & Universities: Medium Programs",2031,1747,284,2670,569,569,461,108,0,17632857,41947888,43823731,36795756,9985042,4950912,9334878,0,85,166,140,327,218,545,398,"FASB/private nonprofit (DRVF F2)","Campus/institution-level finance reporting",28.0157557853274,6.69411764705882,4.06428571428571,30989.2038664323,73722.1230228471,8681.85967503693,4916.3180699163,2437.67208271787,4596.19793205318,21577.415558838,18117.0635155096,83.9630838369284,26.8340718857706,19.5962580009847,42.035148468023,23.8034439302403,11.8025298436956,22.2535113090795,44199,0.105366448961626
2020,193353,"Mount Saint Mary College","NY","Private not-for-profit","Four or more years","Master's Colleges & Universities: Medium Programs",1924,1671,253,2573,547,546,435,112,0,17382266,42425165,46544648,35088959,9548142,5208293,10262953,0,86,161,140,311,198,509,378,"FASB/private nonprofit (DRVF F2)","Campus/institution-level finance reporting",28.4303534303534,6.36046511627907,3.90714285714286,31777.4515539305,77559.7166361974,9034.44178794179,4962.65176715177,2707.01299376299,5334.17515592516,24191.604989605,18237.5046777547,75.3877416797738,26.4553014553015,19.6465696465696,40.9715931570331,22.5058452925286,12.2764236744866,24.1907202953719,23511,0.055417580579828
2021,193353,"Mount Saint Mary College","NY","Private not-for-profit","Four or more years","Master's Colleges & Universities: Medium Programs",1803,1593,210,2455,548,546,424,124,0,16197320,38085312,59223186,29739936,8577104,4563580,8742535,0,82,149,132,292,192,484,357,"FASB/private nonprofit (DRVF F2)","Campus/institution-level finance reporting",30.393788130893,6.68292682926829,4.15151515151515,29557.1532846715,69498.7445255474,8983.53854686633,4757.12922906267,2531.10371602884,4848.8824181919,32847.0249584027,16494.6955074875,50.2167107321784,26.8441486411536,19.8003327787022,42.5290463683217,22.5207660107918,11.982519665324,22.9551355651228,4773,0.012532390439653
2022,193353,"Mount Saint Mary College","NY","Private not-for-profit","Four or more years","Master's Colleges & Universities: Medium Programs",1609,1394,215,2320,505,505,379,126,0,15185212,37712558,22073305,31314287,9359325,4542433,8609890,0,76,130,119,297,166,463,352,"FASB/private nonprofit (DRVF F2)","Campus/institution-level finance reporting",31.3859540087011,6.64473684210526,4.2436974789916,30069.7267326733,74678.3326732673,9437.67060285892,5816.85829707893,2823.14045991299,5351.08141702921,13718.6482287135,19461.9558732132,141.864967661164,28.7756370416408,21.8769422001243,40.2656642914543,24.8175289514967,12.0448817075734,22.8302996577427,15698,0.0416253917329076
2023,193353,"Mount Saint Mary College","NY","Private not-for-profit","Four or more years","Master's Colleges & Universities: Medium Programs",1513,1288,225,2282,450,450,320,130,0,15828664,41814207,41142854,29826372,10440842,5141928,10375953,0,73,118,112,301,154,455,351,"FASB/private nonprofit (DRVF F2)","Campus/institution-level finance reporting",29.7422339722406,6.16438356164384,4.01785714285714,35174.8088888889,92920.46,10461.7739590218,6900.75479180436,3398.49834765367,6857.86715135492,27192.8975545274,19713.3985459352,72.4946597044532,30.0727032385988,23.1989424983477,37.8547511375739,24.9696042304473,12.2970836204068,24.8144201323727,26820,0.0641408791992635
2024,193353,"Mount Saint Mary College","NY","Private not-for-profit","Four or more years","Master's Colleges & Universities: Medium Programs",1535,1326,209,2620,441,441,336,105,0,15569813,42196660,45770356,28723895,10591288,5077484,10924738,0,63,109,99.33,258,136,394,303.33,"FASB/private nonprofit (DRVF F2)","Campus/institution-level finance reporting",28.7296416938111,7,4.43974630021142,35305.6984126984,95684.0362811791,10143.2006514658,6899.86188925081,3307.80716612378,7117.09315960912,29817.8214983713,18712.6351791531,62.7565470541675,25.6677524429967,19.7609120521173,36.8982118489947,25.0998254364208,12.0329049739956,25.8900538573432,33337,0.0790038832457356
2015,214272,"Neumann University","PA","Private not-for-profit","Four or more years","Master's Colleges & Universities: Medium Programs",2777,2258,415,3983,702,702,558,113,31,16148826,46602852,53757524,48745259,13080549,6355200,10612204,0,97,201,164,285,225,510,360,"FASB/private nonprofit (DRVF F2)","Campus/institution-level finance reporting",25.2790781418797,7.23711340206186,4.28048780487805,23004.0256410256,66385.8290598291,5815.20561757292,4710.31652862802,2288.5127835794,3821.46344976593,19358.1289160965,17553.2081382787,90.6761609779498,18.3651422398272,12.9636298163486,34.65201228457,28.0681298217543,13.6369336365937,22.7715762975193,406073,0.871347959562646
2016,214272,"Neumann University","PA","Private not-for-profit","Four or more years","Master's Colleges & Universities: Medium Programs",2678,2052,482,4027,671,671,525,112,34,15896451,48435130,54630431,47485895,13020224,6318972,10292309,0,100,173,158,281,194,475,345,"FASB/private nonprofit (DRVF F2)","Campus/institution-level finance reporting",25.0560119492158,6.71,4.24683544303798,23690.6870342772,72183.5022354695,5935.94137415982,4861.92083644511,2359.58625840179,3843.28192681105,20399.712845407,17731.8502613891,86.9220581474087,17.7371172516804,12.8827483196415,32.8200853388852,26.8817777509836,13.0462579536795,21.2496776616477,2907174,6.002201294804
2017,214272,"Neumann University","PA","Private not-for-profit","Four or more years","Master's Colleges & Universities: Medium Programs",2444,1830,475,3875,787,787,536,213,38,15587723,46009838,52869867,46223554,12474475,6037888,11501317,0,96,143,144,274,163,437,327,"FASB/private nonprofit (DRVF F2)","Campus/institution-level finance reporting",32.2013093289689,8.19791666666667,5.46527777777778,19806.5095298602,58462.3100381194,6377.955400982,5104.12234042553,2470.49427168576,4705.93985270049,21632.5151391162,18913.0744680851,87.4289205229134,17.8805237315876,13.379705400982,33.8791086375918,27.1126253476485,13.1230368600733,24.9975168354212,408435,0.887712319265284
2018,214272,"Neumann University","PA","Private not-for-profit","Four or more years","Master's Colleges & Universities: Larger Programs",2209,1659,442,3462,650,650,443,167,40,15030217,43632100,50890610,43512700,12861763,5684545,9647140,0,95,141,142,268,163,431,322,"FASB/private nonprofit (DRVF F2)","Campus/institution-level finance reporting",29.4250792213671,6.8421052631579,4.57746478873239,23123.4107692308,67126.3076923077,6804.08193752829,5822.43684925306,2573.35672249887,4367.19782707107,23037.8497057492,19697.9176097782,85.5024139030756,19.5110909913988,14.5767315527388,34.447613110531,29.4777537638573,13.0283552705462,22.110189516434,408435,0.93608833863142
2019,214272,"Neumann University","PA","Private not-for-profit","Four or more years","Master's Colleges & Universities: Larger Programs",2027,1613,341,3082,635,635,454,143,38,15199144,45258076,50711634,43548470,13407601,5453231,10742683,0,96,142,143,268,165,433,323,"FASB/private nonprofit (DRVF F2)","Campus/institution-level finance reporting",31.3270843611248,6.61458333333333,4.44055944055944,23935.6598425197,71272.5606299213,7498.34435125802,6614.50468672916,2690.29649728663,5299.79427725703,25018.0730143069,21484.1983226443,85.8747126941325,21.3616181549087,15.9348791317218,33.5832747286915,29.624770173615,12.0491887458937,23.7364995365689,455417,1.00626681523094
2020,214272,"Neumann University","PA","Private not-for-profit","Four or more years","Master's Colleges & Universities: Larger Programs",1991,1544,369,2990,534,534,357,143,34,14633532,45230808,41391402,33676024,13784062,4860398,10158258,0,95,123,136,249,136,385,294,"FASB/private nonprofit (DRVF F2)","Campus/institution-level finance reporting",26.8206931190357,5.62105263157895,3.92647058823529,27403.6179775281,84701.8876404494,7349.8402812657,6923.18533400301,2441.18432948267,5102.08839779005,20789.2526368659,16914.1255650427,81.3599500688573,19.3370165745856,14.7664490205927,32.3530192076162,30.4749408854248,10.7457686804976,22.4587144231427,1794558,3.96755680331866
2021,214272,"Neumann University","PA","Private not-for-profit","Four or more years","Master's Colleges & Universities: Medium Programs",1966,1535,353,2946,482,482,330,116,36,15158893,44298618,55777804,34374222,13358470,4718027,9083040,0,88,130,131,253,147,400,301,"FASB/private nonprofit (DRVF F2)","Campus/institution-level finance reporting",24.5167853509664,5.47727272727273,3.6793893129771,31449.9854771784,91905.846473029,7710.52543234995,6794.74567650051,2399.81027466938,4620.06103763988,28371.2126144456,17484.3448626653,61.6270622629747,20.3458799593082,15.3102746693795,34.2197876240744,30.1555005621169,10.650506072221,20.5041159523306,1980188,4.47008978925708
2022,214272,"Neumann University","PA","Private not-for-profit","Four or more years","Master's Colleges & Universities: Medium Programs",1805,1450,270,2634,510,510,350,113,47,15493690,49625740,37370429,32370756,17427667,4920839,11347411,0,87,146,136,249,170,419,306,"FASB/private nonprofit (DRVF F2)","Campus/institution-level finance reporting",28.2548476454294,5.86206896551724,3.75,30379.7843137255,97305.3725490196,8583.76177285319,9655.21717451524,2726.22659279778,6286.65429362881,20703.8387811634,17933.9368421053,86.6213122680502,23.213296398892,16.9529085872576,31.2210759980607,35.1182007563011,9.9159004984107,22.865978421682,436133,0.878844325545574
2023,214272,"Neumann University","PA","Private not-for-profit","Four or more years","Master's Colleges & Universities: Medium Programs",1752,1389,275,2569,495,495,339,103,53,15579007,50143941,40410370,30349577,14631625,4531112,15041642,0,84,129,127,247,152,399,298,"FASB/private nonprofit (DRVF F2)","Campus/institution-level finance reporting",28.2534246575343,5.89285714285714,3.89763779527559,31472.7414141414,101300.890909091,8892.12728310502,8351.38413242009,2586.25114155251,8585.41210045662,23065.2796803653,17322.8179223744,75.1034375582307,22.7739726027397,17.0091324200913,31.0685731701862,29.1792481967064,9.03621037684294,29.9969282430354,360555,0.719040013229116
2024,214272,"Neumann University","PA","Private not-for-profit","Four or more years","Master's Colleges & Universities: Medium Programs",1818,1456,277,2555,522,522,361,105,56,14209118,44695586,39679239,31603971,11806832,4105617,14200863,0,80,129,123,245,147,392,294.01,"FASB/private nonprofit (DRVF F2)","Campus/institution-level finance reporting",28.7128712871287,6.525,4.24390243902439,27220.5325670498,85623.7279693487,7815.79647964796,6494.40704070407,2258.31518151815,7811.25577557756,21825.7640264026,17383.9224422442,79.6486318701828,21.5621562156216,16.1721672167217,31.7908752779301,26.416102923452,9.1857325687597,31.7724058926087,373156,0.834883337249455
2015,186432,"Saint Peter's University","NJ","Private not-for-profit","Four or more years","Master's Colleges & Universities: Larger Programs",2918,2358,498,3949,781,770,486,277,18,23567526,66759405,59974635,49139216,14571709,4648755,17820049,0,113,201,180,333,279,612,425,"FASB/private nonprofit (DRVF F2)","Campus/institution-level finance reporting",26.7649074708705,6.91150442477876,4.33888888888889,30176.0896286812,85479.3918053777,8076.60246744345,4993.73166552433,1593.1305688828,6106.93934201508,20553.3361891707,16840.0328992461,81.9333306488651,20.9732693625771,14.5647703906785,35.3021810185396,21.8272002274436,6.96344582459955,26.6929416162412,6151366,9.21423131317602
2016,186432,"Saint Peter's University","NJ","Private not-for-profit","Four or more years","Master's Colleges & Universities: Larger Programs",2974,2382,532,3986,732,725,381,330,21,24807702,69011469,59988242,50107883,15144025,5133277,19727913,0,118,214,189,367,271,638,458,"FASB/private nonprofit (DRVF F2)","Campus/institution-level finance reporting",24.6133154001345,6.20338983050847,3.87301587301587,33890.3032786885,94277.9631147541,8341.52723604573,5092.14021519839,1726.05144586416,6633.46099529254,20170.8950907868,16848.6492938803,83.5295073324536,21.4525891055817,15.4001344989913,35.9472162518378,21.9442148087009,7.43829550998255,28.5864266995968,4198552,6.08384672988196
2017,186432,"Saint Peter's University","NJ","Private not-for-profit","Four or more years","Master's Colleges & Universities: Larger Programs",3156,2536,534,4201,878,873,556,309,13,25064803,65742663,80108375,54320506,16534551,6128925,18014384,0,119,203,187,365,240,605,445,"FASB/private nonprofit (DRVF F2)","Campus/institution-level finance reporting",27.8200253485425,7.3781512605042,4.6951871657754,28547.6116173121,74877.7482915718,7941.95278833967,5239.08460076046,1941.99144486692,5707.97972116603,25382.8818124208,17211.8206590621,67.8087728030933,19.169835234474,14.1001267427123,38.1256277981925,25.1504126019355,9.32259923818419,27.4013603616878,0,0
2018,186432,"Saint Peter's University","NJ","Private not-for-profit","Four or more years","Master's Colleges & Universities: Larger Programs",3218,2547,542,4094,838,829,476,345,17,26414539,65762967,77144242,55860493,16746339,6427920,16174169,0,112,223,186,359,258,617,444,"FASB/private nonprofit (DRVF F2)","Campus/institution-level finance reporting",26.0410192666252,7.48214285714286,4.50537634408602,31520.9295942721,78476.0942720764,8208.37134866377,5203.95866998135,1997.4891236793,5026.15568676196,23972.7290242387,17358.7610316967,72.4104502835092,19.1733996270976,13.7973896830329,40.1662823394206,25.4646950463777,9.77437651193566,24.594646102266,0,0
2019,186432,"Saint Peter's University","NJ","Private not-for-profit","Four or more years","Master's Colleges & Universities: Larger Programs",3142,2538,456,3998,863,860,535,318,10,24027304,64770882,90128728,53923834,16430667,6702731,17610180,0,114,238,193,338,274,612,429,"FASB/private nonprofit (DRVF F2)","Campus/institution-level finance reporting",27.466581795035,7.57017543859649,4.47150259067358,27841.6037079954,75053.1657010429,7647.13685550605,5229.3656906429,2133.26893698281,5604.76766390834,28685.1457670274,17162.2641629535,59.8297958892752,19.4780394653087,13.653723742839,37.0958419247711,25.3673664656906,10.3483707385674,27.188420870971,0,0
2020,186432,"Saint Peter's University","NJ","Private not-for-profit","Four or more years","Master's Colleges & Universities: Larger Programs",3011,2372,483,3788,807,803,518,269,20,24770323,64841373,64678393,53184658,15364044,6447651,18259355,0,109,187,171,295,215,510,367,"FASB/private nonprofit (DRVF F2)","Campus/institution-level finance reporting",26.8017270009963,7.40366972477064,4.71929824561404,30694.3283767038,80348.6654275093,8226.61009631352,5102.6383261375,2141.36532713384,6064.21620724012,21480.7017602126,17663.4533377615,82.2294054213747,16.9378943872468,12.1886416472933,38.2014165554452,23.6948159626416,9.94372990837193,28.1600375735412,0,0
2021,186432,"Saint Peter's University","NJ","Private not-for-profit","Four or more years","Master's Colleges & Universities: Larger Programs",2863,2170,580,3890,846,845,550,264,32,21364794,59168590,74778737,47837176,13865904,5920678,18017214,0,104,181,164,295,215,510,367,"FASB/private nonprofit (DRVF F2)","Campus/institution-level finance reporting",29.549423681453,8.13461538461539,5.15853658536585,25253.8936170213,69939.231678487,7462.38002095704,4843.13796716731,2067.99790429619,6293.12399580859,26119.0139713587,16708.7586447782,63.9716287264921,17.8134823611596,12.8187216206776,36.1083372106721,23.4345689157034,10.0064544380726,30.4506394355519,0,0
2022,186432,"Saint Peter's University","NJ","Private not-for-profit","Four or more years","Master's Colleges & Universities: Larger Programs",2704,2033,581,3613,845,843,511,273,61,21659264,74259033,68084285,44825520,20392375,6909628,19811252,0,106,220,179,323,255,578,408,"FASB/private nonprofit (DRVF F2)","Campus/institution-level finance reporting",31.25,7.97169811320755,4.72067039106145,25632.2650887574,87880.5124260355,8010.08284023669,7541.55880177515,2555.33579881657,7326.64644970414,25179.0994822485,16577.4852071006,65.8382767770859,21.3757396449704,15.0887573964497,29.1671775472756,27.4611372868268,9.30476431062602,26.6785752515792,5486514,7.38834560369242
2023,186432,"Saint Peter's University","NJ","Private not-for-profit","Four or more years","Master's Colleges & Universities: Larger Programs",2992,1988,935,4448,950,945,510,408,32,22549484,76135975,78135281,52636707,19266115,10701256,23618120,0,105,238,184,335,275,610,426,"FASB/private nonprofit (DRVF F2)","Campus/institution-level finance reporting",31.7513368983957,9.04761904761905,5.16304347826087,23736.2989473684,80143.1315789474,7536.5922459893,6439.20955882353,3576.62299465241,7893.75668449198,26114.7329545455,17592.4822860963,67.3661197942067,20.3877005347594,14.2379679144385,29.6173838976909,25.3048772278808,14.0554527606693,31.0209726742187,1000,0.00131343954024362
2024,186432,"Saint Peter's University","NJ","Private not-for-profit","Four or more years","Master's Colleges & Universities: Larger Programs",3290,2207,989,4961,1273,1272,451,777,45,24066662,83597109,89708660,55684862,20684547,11350281,27484004,0,103,240,183,317,269,586,406.66,"FASB/private nonprofit (DRVF F2)","Campus/institution-level finance reporting",38.693009118541,12.3592233009709,6.95628415300546,18905.4689709348,65669.3707776905,7315.09483282675,6287.09635258359,3449.93343465046,8353.80060790274,27267.0699088146,16925.4899696049,62.0730061066568,17.8115501519757,12.3604863221885,28.7888687633923,24.743136751296,13.5773606716472,32.8767397925208,11615,0.0138940211437216
2015,150534,"University of Evansville","IN","Private not-for-profit","Four or more years","Master's Colleges & Universities: Small Programs",2617,2445,54,2768,634,610,562,34,38,29065820,58380366,48512087,36652350,12824255,6082988,9533179,243677,169,98,202,464,117,581,502,"FASB/private nonprofit (DRVF F2)","Campus/institution-level finance reporting",24.2262132212457,3.75147928994083,3.13861386138614,45845.141955836,92082.596214511,11106.5418418036,4900.36492166603,2324.412686282,3642.78907145587,18537.2896446313,14005.4833779136,75.5530266096365,22.2009935040122,19.182269774551,49.7869780398431,21.9667259365931,10.4195783904472,16.3294265746809,630447,1.07989559366586
2016,150534,"University of Evansville","IN","Private not-for-profit","Four or more years","Master's Colleges & Universities: Small Programs",2526,2331,54,2729,554,543,478,31,45,27508844,57034080,43278301,34717528,14042921,5691939,9111683,174188,169,94,200,473,113,586,510,"FASB/private nonprofit (DRVF F2)","Campus/institution-level finance reporting",21.9319081551861,3.27810650887574,2.77,49654.9530685921,102949.602888087,10890.2787015044,5559.35114806017,2253.34085510689,3607.15874901029,17133.1357878068,13744.0728424386,80.2192489025852,23.1987331749802,20.1900237529691,48.2322919910341,24.6219821552307,9.97989097045135,15.975856891178,504505,0.884567612907932
2017,150534,"University of Evansville","IN","Private not-for-profit","Four or more years","Master's Colleges & Universities: Small Programs",2568,2341,79,2770,509,498,431,34,44,29157025,59063108,62536663,35781360,13939305,5910896,9396798,184343,173,92,204,475,116,591,515,"FASB/private nonprofit (DRVF F2)","Campus/institution-level finance reporting",19.8208722741433,2.94219653179191,2.49509803921569,57282.9567779961,116037.540275049,11353.9816978193,5428.07827102804,2301.7507788162,3659.18925233645,24352.2830996885,13933.5514018692,57.2166122775051,23.0140186915888,20.0545171339564,49.3658833531077,23.6006967327219,10.0077632216713,15.9097587617638,474741,0.803786011396488
2018,150534,"University of Evansville","IN","Private not-for-profit","Four or more years","Master's Colleges & Universities: Small Programs",2591,2299,136,3014,496,484,431,26,39,30001464,59353383,59428324,36342290,13754866,5680395,9269305,54073,173,93,204,464,119,583,504,"FASB/private nonprofit (DRVF F2)","Campus/institution-level finance reporting",19.1431879583173,2.86705202312139,2.43137254901961,60486.8225806452,119664.078629032,11579.1061366268,5308.70937861829,2192.35623311463,3577.50096487843,22936.4430721729,14026.356619066,61.1531464356962,22.5009648784253,19.4519490544191,50.5471844797794,23.1745273896182,9.57046542738768,15.6171468777104,593280,0.999572341141869
2019,150534,"University of Evansville","IN","Private not-for-profit","Four or more years","Master's Colleges & Universities: Small Programs",2342,2055,174,2593,544,531,463,40,41,29395550,58876217,54189567,35667101,13367490,5503638,9598739,53389,171,113,209,452,134,586,496,"FASB/private nonprofit (DRVF F2)","Campus/institution-level finance reporting",23.2280102476516,3.1812865497076,2.60287081339713,54035.9375,108228.340073529,12551.4730999146,5707.72416737831,2349.97352690009,4098.52220324509,23138.158411614,15229.3343296328,65.8191289847361,25.0213492741247,21.1784799316823,49.9277152946155,22.7043969214258,9.347811867736,16.303253655037,957411,1.62614218233485
2020,150534,"University of Evansville","IN","Private not-for-profit","Four or more years","Master's Colleges & Universities: Small Programs",2538,2117,280,2690,552,529,445,66,41,28554893,57649529,66690349,34950074,13252799,4930596,9236654,79804,165,121,205,441,141,582,488,"FASB/private nonprofit (DRVF F2)","Campus/institution-level finance reporting",21.7494089834515,3.34545454545455,2.69268292682927,51729.8786231884,104437.552536232,11250.9428684003,5221.74901497242,1942.70921985816,3639.34357762017,26276.7332545311,13770.7147360126,52.4064943789693,22.9314420803783,19.2277383766745,49.5318756203542,22.9885642257372,8.55270821033074,16.0220805967036,1594783,2.76634176837767
2021,150534,"University of Evansville","IN","Private not-for-profit","Four or more years","Master's Colleges & Universities: Medium Programs",2288,1877,265,2553,521,504,391,87,43,28359829,55593172,86224313,34057985,11542718,4204677,9576079,93107,149,117,188,409,131,540,452,"FASB/private nonprofit (DRVF F2)","Campus/institution-level finance reporting",22.770979020979,3.49664429530201,2.77127659574468,54433.452975048,106704.744721689,12395.0301573427,5044.89423076923,1837.70847902098,4185.34921328671,37685.451486014,14885.4829545455,39.4992825283514,23.6013986013986,19.7552447552448,51.0131513992402,20.7628339681715,7.56329752150138,17.2252790324682,1816762,3.26795887811546
2022,150534,"University of Evansville","IN","Private not-for-profit","Four or more years","Master's Colleges & Universities: Medium Programs",2001,1596,245,2399,540,528,420,77,43,26942002,59844749,48217688,31663263,13992098,4423440,11584966,110493,145,100,178,390,113,503,426,"FASB/private nonprofit (DRVF F2)","Campus/institution-level finance reporting",26.9865067466267,3.72413793103448,3.03370786516854,49892.5962962963,110823.609259259,13464.2688655672,6992.55272363818,2210.61469265367,5789.58820589705,24096.7956021989,15823.7196401799,65.6673190137196,25.1374312843578,21.2893553223388,45.0198262173345,23.3806611838242,7.39152569593031,19.3583667633062,2791750,4.66498739931218
2023,150534,"University of Evansville","IN","Private not-for-profit","Four or more years","Master's Colleges & Universities: Medium Programs",1967,1530,268,2442,500,494,382,72,46,28340874,59970507,40730231,30571522,14599778,4707228,11558654,110178,148,96,180,427,109,536,463,"FASB/private nonprofit (DRVF F2)","Campus/institution-level finance reporting",25.419420437214,3.37837837837838,2.77777777777778,56681.748,119941.014,14408.1718352822,7422.35790543976,2393.10015251652,5876.28571428571,20706.777325877,15542.2074224708,75.0585529455995,27.2496187086934,23.5383833248602,47.2580196795735,24.344930083716,7.84923829308296,19.273897417609,653795,1.09019421830134
2024,150534,"University of Evansville","IN","Private not-for-profit","Four or more years","Master's Colleges & Universities: Medium Programs",2059,1571,300,2495,495,483,331,100,64,29277092,65188473,68847667,30751727,16262068,4589589,11855217,117286,154,109,190.33,435,131,566,478.67,"FASB/private nonprofit (DRVF F2)","Campus/institution-level finance reporting",24.0407965031569,3.21428571428571,2.60074607261073,59145.6404040404,131693.884848485,14219.0830500243,7898.04176784847,2229.03788246722,5757.7547353084,33437.4293346285,14935.272948033,44.6663312498302,27.4890723652258,23.247693054881,44.9114554347668,24.9462324420454,7.04049165256563,18.1860633550965,3087221,4.73583880389406
2023,193399,"University of Mount Saint Vincent","NY","Private not-for-profit","Four or more years","Baccalaureate Colleges: Diverse Fields",3730,2892,838,4382,1091,1091,768,323,0,29000969,59749968,67312847,48318255,9830654,7826825,13091520,0,79,337,191,329,364,693,449,"FASB/private nonprofit (DRVF F2)","Campus/institution-level finance reporting",29.2493297587131,13.8101265822785,5.71204188481675,26582.006416132,54766.2401466544,7775.05871313673,2635.56407506702,2098.34450402145,3509.7908847185,18046.3396782842,12953.9557640751,71.7816243903634,18.5790884718499,12.0375335120643,48.5372126057038,16.4529862174989,13.0992957184513,21.910505458346,0,0
2024,193399,"University of Mount Saint Vincent","NY","Private not-for-profit","Four or more years","Baccalaureate Colleges: Diverse Fields",4512,3305,1207,5169,1122,1122,839,283,0,38113392,73238340,88333729,60472864,10647969,7106182,17370797,0,91,392,221.67,344,433,777,488.33,"FASB/private nonprofit (DRVF F2)","Campus/institution-level finance reporting",24.8670212765957,12.3296703296703,5.06157802138314,33969.1550802139,65274.8128342246,8447.1170212766,2359.92220744681,1574.95168439716,3849.91068262411,19577.5108599291,13402.6737588652,68.459539390667,17.2207446808511,10.8229166666667,52.0402182791145,14.5387907481245,9.70281685794626,23.7181741148147,0,0
2015,197197,"Wagner College","NY","Private not-for-profit","Four or more years","Master's Colleges & Universities: Medium Programs",1987,1692,279,2311,615,615,445,170,0,22149546,60697100,46517495,45763609,20920580,4329170,13297804,0,94,205,162,375,303,678,475,"FASB/private nonprofit (DRVF F2)","Campus/institution-level finance reporting",30.9511826874685,6.54255319148936,3.7962962962963,36015.5219512195,98694.4715447154,11147.2299949673,10528.7267237041,2178.7468545546,6692.40261701057,23410.9184700554,23031.5093105184,98.3793495329016,34.121791645697,23.9053850025164,36.4919345405299,34.4671821223749,7.1324165404937,21.9084667966015,0,0
2016,197197,"Wagner College","NY","Private not-for-profit","Four or more years","Master's Colleges & Universities: Medium Programs",2145,1843,286,2363,590,587,419,171,0,22822648,60716507,59569906,46476599,20859101,4228724,12806034,0,108,212,179,386,312,698,490,"FASB/private nonprofit (DRVF F2)","Campus/institution-level finance reporting",27.5058275058275,5.46296296296296,3.29608938547486,38682.4542372881,102909.333898305,10639.9291375291,9724.52261072261,1971.4331002331,5970.17902097902,27771.517948718,21667.4121212121,78.0202658033404,32.5407925407925,22.8438228438228,37.5888685427836,34.3549094482659,6.96470236668918,21.0915196422614,0,0
2017,197197,"Wagner College","NY","Private not-for-profit","Four or more years","Master's Colleges & Universities: Medium Programs",2004,1690,297,2369,618,611,417,190,11,23395508,62272683,68307571,50691979,21336169,4297418,13243588,0,109,209,179,381,319,700,487,"FASB/private nonprofit (DRVF F2)","Campus/institution-level finance reporting",30.8383233532934,5.6697247706422,3.45251396648045,37856.8090614887,100764.859223301,11674.4051896208,10646.7909181637,2144.42015968064,6608.57684630739,34085.6142714571,25295.3987025948,74.2113623100432,34.9301397205589,24.3013972055888,37.5694556150728,34.2624855267598,6.90096811791456,21.2670907402528,0,0
2018,197197,"Wagner College","NY","Private not-for-profit","Four or more years","Master's Colleges & Universities: Medium Programs",2303,1971,310,2487,657,657,449,199,9,23557800,63593831,63847997,50020283,21434108,4482053,14119870,0,106,200,173,370,306,676,472,"FASB/private nonprofit (DRVF F2)","Campus/institution-level finance reporting",28.5280069474598,6.19811320754717,3.79768786127168,35856.6210045662,96794.2633181126,10229.179331307,9307.03777681285,1946.18019973947,6131.07685627442,27723.8371689101,21719.6191923578,78.3427599146141,29.3530178028658,20.4950065132436,37.0441592046876,33.7046969225678,7.04793677235768,22.2032071003868,0,0
2019,197197,"Wagner College","NY","Private not-for-profit","Four or more years","Master's Colleges & Universities: Medium Programs",2168,1788,356,2399,622,620,436,174,12,23350202,61674172,64243411,52123111,21534940,3980012,12809018,0,113,203,181,384,313,697,489,"FASB/private nonprofit (DRVF F2)","Campus/institution-level finance reporting",28.690036900369,5.50442477876106,3.43646408839779,37540.5176848875,99154.617363344,10770.3883763838,9933.09040590406,1835.79889298893,5908.21863468635,29632.5696494465,24042.0253690037,81.1337850663004,32.1494464944649,22.5553505535055,37.860584492322,34.9172746088914,6.45328809602827,20.7688528027583,0,0
2020,197197,"Wagner College","NY","Private not-for-profit","Four or more years","Master's Colleges & Universities: Medium Programs",2213,1839,348,2315,574,574,384,182,8,21805984,56929217,68319383,50991855,18692481,3970102,12460650,0,133,213,204,411,333,744,520,"FASB/private nonprofit (DRVF F2)","Campus/institution-level finance reporting",25.9376412110258,4.31578947368421,2.81372549019608,37989.5191637631,99179.8205574913,9853.58517849074,8446.67013104383,1793.99096249435,5630.65973791234,30871.8404880253,23041.9588793493,74.6374641585976,33.6195210122006,23.4975146859467,38.3036780569106,32.8346005531747,6.97375128134996,21.8879701085648,0,0
2021,197197,"Wagner College","NY","Private not-for-profit","Four or more years","Master's Colleges & Universities: Medium Programs",2246,1559,281,2228,639,639,465,168,6,20401636,55523336,75161602,47113609,17359120,3438711,14323869,0,115,183,176,386,303,689,486,"FASB/private nonprofit (DRVF F2)","Campus/institution-level finance reporting",28.4505788067676,5.55652173913044,3.63068181818182,31927.4428794992,86890.9796557121,9083.54229741763,7728.90471950134,1531.03784505788,6377.5017809439,33464.6491540517,20976.6736420303,62.6830825133291,30.6767586821015,21.6384683882458,36.7442547040041,31.2645479371052,6.19327160025111,25.7979257586396,0,0
2022,197197,"Wagner College","NY","Private not-for-profit","Four or more years","Master's Colleges & Universities: Medium Programs",1733,1459,238,2188,537,537,381,149,7,20526618,60732939,42869038,44543143,19075508,3781822,17348991,0,120,189,183,402,321,723,510,"FASB/private nonprofit (DRVF F2)","Campus/institution-level finance reporting",30.9867282169648,4.475,2.9344262295082,38224.6145251397,113096.720670391,11844.5574148875,11007.217541835,2182.24004616272,10010.9584535488,24736.8944027698,25702.909982689,103.905161109517,41.7195614541258,29.4287362954414,33.7981634644752,31.4088340101572,6.22697017840681,28.5660323469608,0,0
2023,197197,"Wagner College","NY","Private not-for-profit","Four or more years","Master's Colleges & Universities: Medium Programs",1779,1482,233,2160,526,526,380,136,10,22293556,62289734,67516346,43608624,21779952,4034340,14181886,0,127,190,190,404,309,713,507,"FASB/private nonprofit (DRVF F2)","Campus/institution-level finance reporting",29.5671725688589,4.14173228346457,2.76842105263158,42383.1863117871,118421.547528517,12531.5098369871,12242.8060708263,2267.75716694772,7971.83024170883,37951.8527262507,24512.9983136594,64.5897276490644,40.0786958965711,28.4991568296796,35.7900966473865,34.9655562825168,6.4767333891649,22.7676136809318,0,0
2024,197197,"Wagner College","NY","Private not-for-profit","Four or more years","Master's Colleges & Universities: Medium Programs",1758,1499,198,2017,518,518,358,160,0,24863527,70249236,69907306,42425416,24111093,4235750,17038866,0,102,178,161.33,388,303,691,489,"FASB/private nonprofit (DRVF F2)","Campus/institution-level finance reporting",29.4653014789534,5.07843137254902,3.21081014070539,47999.0868725869,135616.285714286,14143.0756541524,13715.0699658703,2409.4141069397,9692.18771331058,39765.2480091013,24132.7736063709,60.6881003253079,39.3060295790671,27.8156996587031,35.3933059143875,34.3222138387384,6.02960294116224,24.2548773057119,0,0
2015,216807,"Westminster College","PA","Private not-for-profit","Four or more years","Baccalaureate Colleges: Arts & Sciences Focus",1436,1324,112,1450,292,292,283,9,0,13939837,31293045,25579927,16828136,7767386,4911518,4674304,0,92,94,123,265,173,438,322,"FASB/private nonprofit (DRVF F2)","Campus/institution-level finance reporting",20.3342618384401,3.17391304347826,2.3739837398374,47739.1678082192,107167.962328767,9707.4073816156,5409.04317548747,3420.27715877437,3255.08635097493,17813.319637883,11718.7576601671,65.7864895392391,30.5013927576602,22.4233983286908,44.5461187941282,24.8214451485945,15.695238350886,14.9371977063913,0,0
2016,216807,"Westminster College","PA","Private not-for-profit","Four or more years","Baccalaureate Colleges: Arts & Sciences Focus",1364,1277,87,1430,326,326,257,69,0,13569901,31876955,20568456,16210775,8353404,5024852,4928798,0,83,53,101,253,123,376,296,"FASB/private nonprofit (DRVF F2)","Campus/institution-level finance reporting",23.900293255132,3.92771084337349,3.22772277227723,41625.463190184,97782.0705521472,9948.607771261,6124.19648093842,3683.90909090909,3613.48826979472,15079.5131964809,11884.7324046921,78.8137670615626,27.5659824046921,21.7008797653959,42.5696274942196,26.2051503978344,15.7632747544425,15.4619473535035,0,0
2017,216807,"Westminster College","PA","Private not-for-profit","Four or more years","Baccalaureate Colleges: Arts & Sciences Focus",1282,1233,49,1442,301,301,247,54,0,13035309,31892737,34650568,15683750,8755227,4889805,5212396,0,90,45,105,265,112,377,302,"FASB/private nonprofit (DRVF F2)","Campus/institution-level finance reporting",23.4789391575663,3.34444444444444,2.86666666666667,43306.6744186046,105955.936877076,10167.9477379095,6829.35023400936,3814.20046801872,4065.83151326053,27028.5241809672,12233.8143525741,45.2626057962455,29.4071762870515,23.5569422776911,40.8723434429601,27.4521029662647,15.3320331208952,16.34352046988,0,0
2018,216807,"Westminster College","PA","Private not-for-profit","Four or more years","Baccalaureate Colleges: Arts & Sciences Focus",1305,1255,50,1329,248,246,235,13,0,13545293,32875551,34401602,15592875,9160755,5017307,5152196,0,89,51,106,267,117,384,306,"FASB/private nonprofit (DRVF F2)","Campus/institution-level finance reporting",19.0038314176245,2.78651685393258,2.33962264150943,54618.1169354839,132562.705645161,10379.5348659004,7019.73563218391,3844.67969348659,3948.04291187739,26361.3808429119,11948.5632183908,45.3260141780607,29.4252873563218,23.448275862069,41.201721607647,27.8649474194364,15.261514552258,15.6718164206586,0,0
2019,216807,"Westminster College","PA","Private not-for-profit","Four or more years","Baccalaureate Colleges: Arts & Sciences Focus",1323,1276,47,1366,264,264,253,11,0,12906515,33165614,31558918,14581690,9076848,5169221,6013030,0,81,48,97,230,101,331,262,"FASB/private nonprofit (DRVF F2)","Campus/institution-level finance reporting",19.9546485260771,3.25925925925926,2.72164948453608,48888.3143939394,125627.325757576,9755.49130763417,6860.80725623583,3907.19652305367,4544.99622071051,23854.0574452003,11021.6855631141,46.2046575868032,25.0188964474679,19.8034769463341,38.9153507002765,27.3682495370054,15.5860856367683,18.1303141259498,0,0
2020,216807,"Westminster College","PA","Private not-for-profit","Four or more years","Baccalaureate Colleges: Arts & Sciences Focus",1278,1222,56,1317,263,263,249,14,0,11797158,29280126,22511968,14164793,7772097,4730573,4980298,0,74,47,90,217,91,308,247,"FASB/private nonprofit (DRVF F2)","Campus/institution-level finance reporting",20.5790297339593,3.55405405405405,2.92222222222222,44856.1140684411,111331.27756654,9230.95305164319,6081.45305164319,3701.54381846635,3896.94679186228,17614.9984350548,11083.5625978091,62.9211670876576,24.1001564945227,19.3270735524257,40.2906667819667,26.5439329052068,16.1562590270274,17.0091412857991,0,0
2021,216807,"Westminster College","PA","Private not-for-profit","Four or more years","Baccalaureate Colleges: Arts & Sciences Focus",1268,1209,59,1337,265,263,228,37,0,11973015,29533239,58347536,13579136,7541117,4756495,5262612,0,72,57,91,224,108,332,260,"FASB/private nonprofit (DRVF F2)","Campus/institution-level finance reporting",20.8990536277603,3.68055555555556,2.91208791208791,45181.1886792453,111446.18490566,9442.44085173502,5947.25315457413,3751.17902208202,4150.32492113565,46015.4069400631,10709.0977917981,23.272852516,26.1829652996845,20.5047318611987,40.5408123369062,25.5343377676929,16.1055649873013,17.8192849080997,0,0
2022,216807,"Westminster College","PA","Private not-for-profit","Four or more years","Baccalaureate Colleges: Arts & Sciences Focus",1241,1175,66,1442,292,292,251,41,0,12253857,32555196,27006342,13148828,8801113,6375217,5125009,0,71,49,87,226,98,324,258,"FASB/private nonprofit (DRVF F2)","Campus/institution-level finance reporting",23.5294117647059,4.11267605633803,3.35632183908046,41965.2636986301,111490.397260274,9874.17969379533,7091.95245769541,5137.16116035455,4129.74133763094,21761.7582594682,10595.3489121676,48.6879267099558,26.1079774375504,20.7896857373086,37.6402495011856,27.0344340731354,19.5827940952959,15.7425223303831,0,0
2023,216807,"Westminster College","PA","Private not-for-profit","Four or more years","Baccalaureate Colleges: Arts & Sciences Focus",1254,1220,34,1232,207,206,184,23,0,12377331,32563889,29173907,13187136,9786746,5022865,5376947,0,70,50,87,232,105,337,267,"FASB/private nonprofit (DRVF F2)","Campus/institution-level finance reporting",16.5071770334928,2.95714285714286,2.37931034482759,59793.8695652174,157313.473429952,9870.27990430622,7804.42264752791,4005.47448165869,4287.836523126,23264.6786283892,10516.0574162679,45.2018168152795,26.8740031897927,21.2918660287081,38.0093759685767,30.0539840312071,15.424647221958,16.5119927782582,0,0
2024,216807,"Westminster College","PA","Private not-for-profit","Four or more years","Baccalaureate Colleges: Arts & Sciences Focus",1273,1240,33,1301,232,228,215,17,0,12932458,33615192,40482649,13396015,10165126,5142542,5375066,0,71,49,87.33,240,94,334,271.33,"FASB/private nonprofit (DRVF F2)","Campus/institution-level finance reporting",18.2246661429694,3.26760563380282,2.65658994618115,55743.3534482759,144893.068965517,10159.0400628437,7985.17360565593,4039.70306362922,4222.36135113904,31800.9811468971,10523.1853888452,33.0907569808488,26.2372348782404,21.3142183817753,38.4720634646383,30.2396785358239,15.298267521423,15.9899904781148,0,0
